Workbook

Sheet Trials
A1: Date | B1: Day | C1: Club | D1: City | E1: State | F1: AKC event # | G1: Scope | H1: LC Trial entries | I1: LC Trial competitors | J1: LC Test entries (JC/QC) | K1: LC Test competitors | L1: Total entries | M1: Results posted | N1: AKC event page
A2: 46025 | B2: =TEXT(A2,"ddd") -> Sat | C2: Sunshine State Rhodesian Ridgeback Club | D2: Weirsdale | E2: FL | F2: 2026702901 | G2: All-breed | H2: 35 | I2: 34 | J2: 12 | K2: 12 | L2: =IF(M2="Yes",SUM(H2,J2),"") -> 47 | M2: Yes | N2: Open
A3: 46026 | B3: =TEXT(A3,"ddd") -> Sun | C3: Sunshine State Rhodesian Ridgeback Club | D3: Weirsdale | E3: FL | F3: 2026702902 | G3: All-breed | H3: 41 | I3: 37 | J3: 2 | K3: 2 | L3: =IF(M3="Yes",SUM(H3,J3),"") -> 43 | M3: Yes | N3: Open
A4: 46032 | B4: =TEXT(A4,"ddd") -> Sat | C4: Northern California Whippet Fanciers Association | D4: Elverta | E4: CA | F4: 2026264102 | G4: All-breed | H4: 59 | I4: 59 | J4: 14 | K4: 14 | L4: =IF(M4="Yes",SUM(H4,J4),"") -> 73 | M4: Yes | N4: Open
A5: 46033 | B5: =TEXT(A5,"ddd") -> Sun | C5: Northern California Whippet Fanciers Association | D5: Elverta | E5: CA | F5: 2026264101 | G5: All-breed | H5: 61 | I5: 61 | J5: 8 | K5: 8 | L5: =IF(M5="Yes",SUM(H5,J5),"") -> 69 | M5: Yes | N5: Open
A6: 46039 | B6: =TEXT(A6,"ddd") -> Sat | C6: Desert Fun Bunch Sighthound Club | D6: Black Canyon City | E6: AZ | F6: 2026572902 | G6: All-breed | H6: 41 | I6: 41 | J6: 2 | K6: 2 | L6: =IF(M6="Yes",SUM(H6,J6),"") -> 43 | M6: Yes | N6: Open
A7: 46039 | B7: =TEXT(A7,"ddd") -> Sat | C7: Afghan Hound Club of Dallas | D7: Celina | E7: TX | F7: 2026073806 | G7: All-breed | H7: 24 | I7: 23 | J7: 5 | K7: 5 | L7: =IF(M7="Yes",SUM(H7,J7),"") -> 29 | M7: Yes | N7: Open
A8: 46040 | B8: =TEXT(A8,"ddd") -> Sun | C8: Desert Fun Bunch Sighthound Club | D8: Black Canyon City | E8: AZ | F8: 2026572901 | G8: All-breed | H8: 39 | I8: 39 | J8: 4 | K8: 4 | L8: =IF(M8="Yes",SUM(H8,J8),"") -> 43 | M8: Yes | N8: Open
A9: 46040 | B9: =TEXT(A9,"ddd") -> Sun | C9: North Texas Saluki Club | D9: Celina | E9: TX | F9: 2026679804 | G9: All-breed | H9: 19 | I9: 18 | J9: 4 | K9: 4 | L9: =IF(M9="Yes",SUM(H9,J9),"") -> 23 | M9: Yes | N9: Open
A10: 46060 | B10: =TEXT(A10,"ddd") -> Sat | C10: Sunshine State Rhodesian Ridgeback Club | D10: High Springs | E10: FL | F10: 2026702925 | G10: All-breed | H10: 41 | I10: 41 | J10: 9 | K10: 9 | L10: =IF(M10="Yes",SUM(H10,J10),"") -> 50 | M10: Yes | N10: Open
A11: 46061 | B11: =TEXT(A11,"ddd") -> Sun | C11: Sunshine State Rhodesian Ridgeback Club | D11: High Springs | E11: FL | F11: 2026702926 | G11: All-breed | H11: 50 | I11: 50 | J11: 3 | K11: 3 | L11: =IF(M11="Yes",SUM(H11,J11),"") -> 53 | M11: Yes | N11: Open
A12: 46067 | B12: =TEXT(A12,"ddd") -> Sat | C12: Orange Coast Rhodesian Ridgeback Club | D12: Chino | E12: CA | F12: 2026281101 | G12: All-breed | H12: 24 | I12: 24 | J12: 4 | K12: 4 | L12: =IF(M12="Yes",SUM(H12,J12),"") -> 28 | M12: Yes | N12: Open
A13: 46068 | B13: =TEXT(A13,"ddd") -> Sun | C13: Orange Coast Rhodesian Ridgeback Club | D13: Chino | E13: CA | F13: 2026281102 | G13: All-breed | H13: 19 | I13: 19 | J13: 4 | K13: 4 | L13: =IF(M13="Yes",SUM(H13,J13),"") -> 23 | M13: Yes | N13: Open
... A24: 46089 | B24: =TEXT(A24,"ddd") -> Sun | C24: Evergreen Basenji Club | D24: Roy | E24: WA | F24: 2026184304 | G24: All-breed | H24: 32 | I24: 32 | J24: 4 | K24: 4 | L24: =IF(M24="Yes",SUM(H24,J24),"") -> 36 | M24: Yes | N24: Open
A25: 46102 | B25: =TEXT(A25,"ddd") -> Sat | C25: Greater Ocala-Gainesville Lure Coursing Association | D25: Brooksville | E25: FL | F25: 2026258603 | G25: All-breed | H25: 35 | I25: 35 | L25: =IF(M25="Yes",SUM(H25,J25),"") -> 35 | M25: Yes | N25: Open
A26: 46102 | B26: =TEXT(A26,"ddd") -> Sat | C26: Lobo Lure Coursing Club | D26: Santa Fe | E26: NM | F26: 2026250105 | G26: All-breed | H26: 13 | I26: 13 | J26: 5 | K26: 5 | L26: =IF(M26="Yes",SUM(H26,J26),"") -> 18 | M26: Yes | N26: Open
A27: 46103 | B27: =TEXT(A27,"ddd") -> Sun | C27: Greater Ocala-Gainesville Lure Coursing Association | D27: Brooksville | E27: FL | F27: 2026258604 | G27: All-breed | H27: 47 | I27: 43 | J27: 7 | K27: 7 | L27: =IF(M27="Yes",SUM(H27,J27),"") -> 54 | M27: Yes | N27: Open
A28: 46103 | B28: =TEXT(A28,"ddd") -> Sun | C28: Lobo Lure Coursing Club | D28: Santa Fe | E28: NM | F28: 2026250106 | G28: All-breed | H28: 11 | I28: 10 | J28: 3 | K28: 3 | L28: =IF(M28="Yes",SUM(H28,J28),"") -> 14 | M28: Yes | N28: Open
A29: 46109 | B29: =TEXT(A29,"ddd") -> Sat | C29: Sierra Slopes Ibizan Hounds | D29: Elverta | E29: CA | F29: 2026268703 | G29: All-breed | H29: 43 | I29: 43 | J29: 7 | K29: 7 | L29: =IF(M29="Yes",SUM(H29,J29),"") -> 50 | M29: Yes | N29: Open
A30: 46109 | B30: =TEXT(A30,"ddd") -> Sat | C30: Northwest Rhodesian Ridgeback Club | D30: Ethel | E30: WA | F30: 2026686303 | G30: All-breed | H30: 37 | I30: 37 | J30: 5 | K30: 4 | L30: =IF(M30="Yes",SUM(H30,J30),"") -> 42 | M30: Yes | N30: Open
A31: 46109 | B31: =TEXT(A31,"ddd") -> Sat | C31: Afghan Hound Club of Austin | D31: Florence | E31: TX | F31: 2026169402 | G31: All-breed | H31: 52 | I31: 51 | J31: 9 | K31: 8 | L31: =IF(M31="Yes",SUM(H31,J31),"") -> 61 | M31: Yes | N31: Open
A32: 46109 | B32: =TEXT(A32,"ddd") -> Sat | C32: Sunshine State Rhodesian Ridgeback Club | D32: Weirsdale | E32: FL | F32: 2026702927 | G32: All-breed | H32: 39 | I32: 38 | J32: 4 | K32: 4 | L32: =IF(M32="Yes",SUM(H32,J32),"") -> 43 | M32: Yes | N32: Open
A33: 46109 | B33: =TEXT(A33,"ddd") -> Sat | C33: Midwest Borzoi Club | D33: Lima | E33: OH | F33: 2026058402 | G33: All-breed | H33: 64 | I33: 64 | J33: 15 | K33: 14 | L33: =IF(M33="Yes",SUM(H33,J33),"") -> 79 | M33: Yes | N33: Open
A34: 46110 | B34: =TEXT(A34,"ddd") -> Sun | C34: Sunshine State Rhodesian Ridgeback Club | D34: Weirsdale | E34: FL | F34: 2026702928 | G34: All-breed | H34: 38 | I34: 36 | J34: 0 | K34: 0 | L34: =IF(M34="Yes",SUM(H34,J34),"") -> 38 | M34: Yes | N34: Open
A35: 46110 | B35: =TEXT(A35,"ddd") -> Sun | C35: Northwest Rhodesian Ridgeback Club | D35: Ethel | E35: WA | F35: 2026686304 | G35: All-breed | H35: 33 | I35: 32 | J35: 3 | K35: 3 | L35: =IF(M35="Yes",SUM(H35,J35),"") -> 36 | M35: Yes | N35: Open
A36: 46110 | B36: =TEXT(A36,"ddd") -> Sun | C36: Afghan Hound Club of Austin | D36: Florence | E36: TX | F36: 2026169401 | G36: All-breed | H36: 52 | I36: 47 | J36: 4 | K36: 3 | L36: =IF(M36="Yes",SUM(H36,J36),"") -> 56 | M36: Yes | N36: Open
A37: 46110 | B37: =TEXT(A37,"ddd") -> Sun | C37: Midwest Borzoi Club | D37: Lima | E37: OH | F37: 2026058403 | G37: All-breed | H37: 67 | I37: 64 | J37: 14 | K37: 14 | L37: =IF(M37="Yes",SUM(H37,J37),"") -> 81 | M37: Yes | N37: Open
... A39: 46116 | B39: =TEXT(A39,"ddd") -> Sat | C39: Irish Wolfhound Association of the Garden State | D39: Somerset | E39: NJ | F39: 2026283907 | G39: All-breed | H39: 18 | I39: 18 | J39: 8 | K39: 8 | L39: =IF(M39="Yes",SUM(H39,J39),"") -> 26 | M39: Yes | N39: Open
A40: 46116 | B40: =TEXT(A40,"ddd") -> Sat | C40: Iowa Coursing Association | D40: Des Moines | E40: IA | F40: 2026259701 | G40: All-breed | H40: 36 | I40: 36 | L40: =IF(M40="Yes",SUM(H40,J40),"") -> 36 | M40: Yes | N40: Open
A41: 46117 | B41: =TEXT(A41,"ddd") -> Sun | C41: Irish Wolfhound Association of the Garden State | D41: Somerset | E41: NJ | F41: 2026283908 | G41: All-breed | H41: 13 | I41: 13 | J41: 2 | K41: 2 | L41: =IF(M41="Yes",SUM(H41,J41),"") -> 15 | M41: Yes | N41: Open
A42: 46121 | B42: =TEXT(A42,"ddd") -> Thu | C42: Orange Coast Rhodesian Ridgeback Club | D42: Chino | E42: CA | F42: 2026281106 | G42: All-breed | H42: 36 | I42: 35 | L42: =IF(M42="Yes",SUM(H42,J42),"") -> 36 | M42: Yes | N42: Open
A43: 46123 | B43: =TEXT(A43,"ddd") -> Sat | C43: Greater Valley Forge Rhodesian Ridgeback Club, Inc. | D43: Somerset | E43: NJ | F43: 2026288901 | G43: All-breed | H43: 27 | I43: 26 | J43: 9 | K43: 9 | L43: =IF(M43="Yes",SUM(H43,J43),"") -> 36 | M43: Yes | N43: Open
A44: 46123 | B44: =TEXT(A44,"ddd") -> Sat | C44: OKI Gazehound Association of Ohio | D44: Fairborn | E44: OH | F44: 2026265201 | G44: All-breed | H44: 52 | I44: 51 | J44: 13 | K44: 13 | L44: =IF(M44="Yes",SUM(H44,J44),"") -> 65 | M44: Yes | N44: Open
A45: 46123 | B45: =TEXT(A45,"ddd") -> Sat | C45: Trinity Valley Rhodesian Ridgeback Club of Texas | D45: Ponder | E45: TX | F45: 2026295406 | G45: All-breed | H45: 37 | I45: 37 | J45: 9 | K45: 9 | L45: =IF(M45="Yes",SUM(H45,J45),"") -> 46 | M45: Yes | N45: Open
A46: 46124 | B46: =TEXT(A46,"ddd") -> Sun | C46: Greater Valley Forge Rhodesian Ridgeback Club, Inc. | D46: Somerset | E46: NJ | F46: 2026288902 | G46: All-breed | H46: 31 | I46: 30 | J46: 6 | K46: 6 | L46: =IF(M46="Yes",SUM(H46,J46),"") -> 37 | M46: Yes | N46: Open
A47: 46124 | B47: =TEXT(A47,"ddd") -> Sun | C47: OKI Gazehound Association of Ohio | D47: Fairborn | E47: OH | F47: 2026265202 | G47: All-breed | H47: 46 | I47: 44 | J47: 3 | K47: 3 | L47: =IF(M47="Yes",SUM(H47,J47),"") -> 49 | M47: Yes | N47: Open
A48: 46124 | B48: =TEXT(A48,"ddd") -> Sun | C48: American Whippet Club, Inc. | D48: Pasco | E48: WA | F48: 2026074707 | G48: Whippet specialty | H48: 77 | I48: 74 | L48: =IF(M48="Yes",SUM(H48,J48),"") -> 77 | M48: Yes | N48: Open
A49: 46124 | B49: =TEXT(A49,"ddd") -> Sun | C49: Trinity Valley Rhodesian Ridgeback Club of Texas | D49: Ponder | E49: TX | F49: 2026295407 | G49: All-breed | H49: 40 | I49: 40 | J49: 3 | K49: 3 | L49: =IF(M49="Yes",SUM(H49,J49),"") -> 43 | M49: Yes | N49: Open
A50: 46130 | B50: =TEXT(A50,"ddd") -> Sat | C50: Western Washington Hound Association | D50: Ethel | E50: WA | F50: 2026325804 | G50: All-breed | H50: 42 | I50: 40 | J50: 6 | K50: 6 | L50: =IF(M50="Yes",SUM(H50,J50),"") -> 48 | M50: Yes | N50: Open
A51: 46130 | B51: =TEXT(A51,"ddd") -> Sat | C51: Utah Sighthound Racing and Coursing Club | D51: South Jordan | E51: UT | F51: 2026271203 | G51: All-breed | H51: 15 | I51: 15 | J51: 1 | K51: 1 | L51: =IF(M51="Yes",SUM(H51,J51),"") -> 16 | M51: Yes | N51: Open
A52: 46131 | B52: =TEXT(A52,"ddd") -> Sun | C52: Utah Sighthound Racing and Coursing Club | D52: South Jordan | E52: UT | F52: 2026271204 | G52: All-breed | H52: 12 | I52: 12 | J52: 4 | K52: 4 | L52: =IF(M52="Yes",SUM(H52,J52),"") -> 16 | M52: Yes | N52: Open
A53: 46131 | B53: =TEXT(A53,"ddd") -> Sun | C53: Western Washington Hound Association | D53: Ethel | E53: WA | F53: 2026325805 | G53: All-breed | H53: 36 | I53: 35 | J53: 4 | K53: 4 | L53: =IF(M53="Yes",SUM(H53,J53),"") -> 40 | M53: Yes | N53: Open
A54: 46137 | B54: =TEXT(A54,"ddd") -> Sat | C54: Minnesota Coursing Association | D54: Farmington | E54: MN | F54: 2026262902 | G54: All-breed | H54: 20 | I54: 20 | J54: 5 | K54: 5 | L54: =IF(M54="Yes",SUM(H54,J54),"") -> 25 | M54: Yes | N54: Open
A55: 46138 | B55: =TEXT(A55,"ddd") -> Sun | C55: Minnesota Coursing Association | D55: Farmington | E55: MN | F55: 2026262901 | G55: All-breed | H55: 18 | I55: 18 | J55: 7 | K55: 5 | L55: =IF(M55="Yes",SUM(H55,J55),"") -> 25 | M55: Yes | N55: Open
A56: 46144 | B56: =TEXT(A56,"ddd") -> Sat | C56: Gulf Coast Hound Club | D56: Semmes | E56: AL | F56: 2026719404 | G56: All-breed | H56: 16 | I56: 16 | J56: 7 | K56: 7 | L56: =IF(M56="Yes",SUM(H56,J56),"") -> 23 | M56: Yes | N56: Open
A57: 46144 | B57: =TEXT(A57,"ddd") -> Sat | C57: Lehigh Valley Coursing Club | D57: Lambertville | E57: NJ | F57: 2026671102 | G57: All-breed | H57: 26 | I57: 26 | J57: 2 | K57: 2 | L57: =IF(M57="Yes",SUM(H57,J57),"") -> 28 | M57: Yes | N57: Open
A58: 46145 | B58: =TEXT(A58,"ddd") -> Sun | C58: Gulf Coast Hound Club | D58: Semmes | E58: AL | F58: 2026719405 | G58: All-breed | H58: 16 | I58: 16 | J58: 9 | K58: 9 | L58: =IF(M58="Yes",SUM(H58,J58),"") -> 25 | M58: Yes | N58: Open
A59: 46145 | B59: =TEXT(A59,"ddd") -> Sun | C59: Lehigh Valley Coursing Club | D59: Lambertville | E59: NJ | F59: 2026671101 | G59: All-breed | H59: 24 | I59: 24 | J59: 2 | K59: 2 | L59: =IF(M59="Yes",SUM(H59,J59),"") -> 26 | M59: Yes | N59: Open
A60: 46151 | B60: =TEXT(A60,"ddd") -> Sat | C60: Scottish Deerhound Club of America, Inc. | D60: Rockwood | E60: PA | F60: 2026135815 | G60: Scottish Deerhound specialty | H60: 13 | I60: 13 | J60: 4 | K60: 4 | L60: =IF(M60="Yes",SUM(H60,J60),"") -> 17 | M60: Yes | N60: Open
... A62: 46151 | B62: =TEXT(A62,"ddd") -> Sat | C62: Rocky Mountain Hound Association of Colorado | D62: Peyton | E62: CO | F62: 2026653405 | G62: All-breed | H62: 25 | I62: 24 | J62: 8 | K62: 8 | L62: =IF(M62="Yes",SUM(H62,J62),"") -> 33 | M62: Yes | N62: Open
A63: 46151 | B63: =TEXT(A63,"ddd") -> Sat | C63: Oklahoma Racing and Coursing Association | D63: Vinita | E63: OK | F63: 2026717507 | G63: All-breed | H63: 16 | I63: 16 | L63: =IF(M63="Yes",SUM(H63,J63),"") -> 16 | M63: Yes | N63: Open
A64: 46152 | B64: =TEXT(A64,"ddd") -> Sun | C64: Evergreen Basenji Club | D64: Roy | E64: WA | F64: 2026184307 | G64: All-breed | H64: 44 | I64: 44 | J64: 10 | K64: 10 | L64: =IF(M64="Yes",SUM(H64,J64),"") -> 54 | M64: Yes | N64: Open
A65: 46152 | B65: =TEXT(A65,"ddd") -> Sun | C65: Oklahoma Racing and Coursing Association | D65: Vinita | E65: OK | F65: 2026717508 | G65: All-breed | H65: 11 | I65: 11 | L65: =IF(M65="Yes",SUM(H65,J65),"") -> 11 | M65: Yes | N65: Open
A66: 46152 | B66: =TEXT(A66,"ddd") -> Sun | C66: Rocky Mountain Hound Association of Colorado | D66: Peyton | E66: CO | F66: 2026653406 | G66: All-breed | H66: 15 | I66: 15 | J66: 7 | K66: 7 | L66: =IF(M66="Yes",SUM(H66,J66),"") -> 22 | M66: Yes | N66: Open
A67: 46152 | B67: =TEXT(A67,"ddd") -> Sun | C67: Borzoi Club of America, Inc. | D67: Weeping Water | E67: NE | F67: 2026116701 | G67: Borzoi specialty | H67: 35 | I67: 33 | J67: 8 | K67: 7 | L67: =IF(M67="Yes",SUM(H67,J67),"") -> 43 | M67: Yes | N67: Open
A68: 46152 | B68: =TEXT(A68,"ddd") -> Sun | C68: Borzoi Club of America, Inc. | D68: Weeping Water | E68: NE | F68: 2026116702 | G68: Borzoi specialty | J68: 6 | K68: 6 | L68: =IF(M68="Yes",SUM(H68,J68),"") -> 6 | M68: Yes | N68: Open
A69: 46158 | B69: =TEXT(A69,"ddd") -> Sat | C69: Chintimini Kennel Club, Inc. | D69: Cottage Grove | E69: OR | F69: 2026098813 | G69: All-breed | H69: 13 | I69: 13 | J69: 6 | K69: 6 | L69: =IF(M69="Yes",SUM(H69,J69),"") -> 19 | M69: Yes | N69: Open
A70: 46158 | B70: =TEXT(A70,"ddd") -> Sat | C70: Sighthound Organization of Tidewater | D70: Dendron | E70: VA | F70: 2026268801 | G70: All-breed | H70: 42 | I70: 40 | J70: 9 | K70: 9 | L70: =IF(M70="Yes",SUM(H70,J70),"") -> 51 | M70: Yes | N70: Open
A71: 46158 | B71: =TEXT(A71,"ddd") -> Sat | C71: Gazehounds of New England Lure Coursing Club | D71: Waterford | E71: CT | F71: 2026571801 | G71: All-breed | H71: 54 | I71: 51 | J71: 9 | K71: 9 | L71: =IF(M71="Yes",SUM(H71,J71),"") -> 63 | M71: Yes | N71: Open
A72: 46158 | B72: =TEXT(A72,"ddd") -> Sat | C72: Southern California Ibizan Hound Club | D72: Helena | E72: MT | F72: 2026694017 | G72: All-breed | H72: 8 | I72: 8 | J72: 7 | K72: 6 | L72: =IF(M72="Yes",SUM(H72,J72),"") -> 15 | M72: Yes | N72: Open
A73: 46158 | B73: =TEXT(A73,"ddd") -> Sat | C73: Trinity Valley Rhodesian Ridgeback Club of Texas | D73: McKinney | E73: TX | F73: 2026295410 | G73: All-breed | H73: 73 | I73: 73 | J73: 4 | K73: 4 | L73: =IF(M73="Yes",SUM(H73,J73),"") -> 77 | M73: Yes | N73: Open
A74: 46159 | B74: =TEXT(A74,"ddd") -> Sun | C74: Gazehounds of New England Lure Coursing Club | D74: Waterford | E74: CT | F74: 2026571802 | G74: All-breed | H74: 39 | I74: 39 | J74: 7 | K74: 7 | L74: =IF(M74="Yes",SUM(H74,J74),"") -> 46 | M74: Yes | N74: Open
A75: 46159 | B75: =TEXT(A75,"ddd") -> Sun | C75: Sighthound Organization of Tidewater | D75: Dendron | E75: VA | F75: 2026268802 | G75: All-breed | H75: 21 | I75: 18 | J75: 5 | K75: 5 | L75: =IF(M75="Yes",SUM(H75,J75),"") -> 26 | M75: Yes | N75: Open
A76: 46159 | B76: =TEXT(A76,"ddd") -> Sun | C76: Chintimini Kennel Club, Inc. | D76: Cottage Grove | E76: OR | F76: 2026098814 | G76: All-breed | H76: 19 | I76: 19 | J76: 9 | K76: 9 | L76: =IF(M76="Yes",SUM(H76,J76),"") -> 28 | M76: Yes | N76: Open
A77: 46159 | B77: =TEXT(A77,"ddd") -> Sun | C77: Utah Sighthound Racing and Coursing Club | D77: Hyde Park | E77: UT | F77: 2026271222 | G77: All-breed | H77: 7 | I77: 6 | L77: =IF(M77="Yes",SUM(H77,J77),"") -> 7 | M77: Yes | N77: Open
A78: 46159 | B78: =TEXT(A78,"ddd") -> Sun | C78: Greyhound Club of America | D78: Hyde Park | E78: UT | F78: 2026192511 | G78: Greyhound specialty | H78: 20 | I78: 20 | J78: 0 | K78: 0 | L78: =IF(M78="Yes",SUM(H78,J78),"") -> 20 | M78: Yes | N78: Open
A79: 46159 | B79: =TEXT(A79,"ddd") -> Sun | C79: Southern California Ibizan Hound Club | D79: Helena | E79: MT | F79: 2026694018 | G79: All-breed | H79: 11 | I79: 11 | J79: 2 | K79: 2 | L79: =IF(M79="Yes",SUM(H79,J79),"") -> 13 | M79: Yes | N79: Open
A80: 46159 | B80: =TEXT(A80,"ddd") -> Sun | C80: Trinity Valley Rhodesian Ridgeback Club of Texas | D80: McKinney | E80: TX | F80: 2026295411 | G80: All-breed | H80: 63 | I80: 63 | J80: 1 | K80: 1 | L80: =IF(M80="Yes",SUM(H80,J80),"") -> 64 | M80: Yes | N80: Open
A81: 46165 | B81: =TEXT(A81,"ddd") -> Sat | C81: Iowa Coursing Association | D81: Cedar Falls | E81: IA | F81: 2026259702 | G81: All-breed | H81: 43 | I81: 35 | J81: 0 | K81: 0 | L81: =IF(M81="Yes",SUM(H81,J81),"") -> 43 | M81: Yes | N81: Open
A82: 46165 | B82: =TEXT(A82,"ddd") -> Sat | C82: Mason Dixon Ibizan Hound Club | D82: Hanover | E82: PA | F82: 2026260911 | G82: All-breed | H82: 35 | I82: 34 | J82: 7 | K82: 7 | L82: =IF(M82="Yes",SUM(H82,J82),"") -> 42 | M82: Yes | N82: Open
A83: 46166 | B83: =TEXT(A83,"ddd") -> Sun | C83: Mason Dixon Ibizan Hound Club | D83: Hanover | E83: PA | F83: 2026260912 | G83: All-breed | H83: 35 | I83: 32 | J83: 2 | K83: 2 | L83: =IF(M83="Yes",SUM(H83,J83),"") -> 37 | M83: Yes | N83: Open
A84: 46166 | B84: =TEXT(A84,"ddd") -> Sun | C84: Iowa Coursing Association | D84: Cedar Falls | E84: IA | F84: 2026259703 | G84: All-breed | H84: 41 | I84: 37 | J84: 1 | K84: 1 | L84: =IF(M84="Yes",SUM(H84,J84),"") -> 42 | M84: Yes | N84: Open
A85: 46167 | B85: =TEXT(A85,"ddd") -> Mon | C85: Mason Dixon Ibizan Hound Club | D85: Hanover | E85: PA | F85: 2026260913 | G85: All-breed | H85: 34 | I85: 34 | J85: 5 | K85: 5 | L85: =IF(M85="Yes",SUM(H85,J85),"") -> 39 | M85: Yes | N85: Open
A86: 46172 | B86: =TEXT(A86,"ddd") -> Sat | C86: California Coursing Association | D86: Chino | E86: CA | F86: 2026251405 | G86: All-breed | H86: 22 | I86: 22 | J86: 7 | K86: 7 | L86: =IF(M86="Yes",SUM(H86,J86),"") -> 29 | M86: Yes | N86: Open
A87: 46172 | B87: =TEXT(A87,"ddd") -> Sat | C87: Alaska Hound Group Association | D87: Palmer | E87: AK | F87: 2026659304 | G87: All-breed | H87: 6 | I87: 6 | J87: 5 | K87: 5 | L87: =IF(M87="Yes",SUM(H87,J87),"") -> 11 | M87: Yes | N87: Open
A88: 46173 | B88: =TEXT(A88,"ddd") -> Sun | C88: Alaska Hound Group Association | D88: Palmer | E88: AK | F88: 2026659306 | G88: All-breed | H88: 8 | I88: 8 | J88: 0 | K88: 0 | L88: =IF(M88="Yes",SUM(H88,J88),"") -> 8 | M88: Yes | N88: Open
A89: 46173 | B89: =TEXT(A89,"ddd") -> Sun | C89: California Coursing Association | D89: Chino | E89: CA | F89: 2026251406 | G89: All-breed | H89: 22 | I89: 22 | J89: 3 | K89: 3 | L89: =IF(M89="Yes",SUM(H89,J89),"") -> 25 | M89: Yes | N89: Open
... A101: 46194 | B101: =TEXT(A101,"ddd") -> Sun | C101: Midwest Coursing Club of Wisconsin | D101: Caledonia | E101: WI | F101: 2026262502 | G101: All-breed | H101: 11 | I101: 11 | J101: 10 | K101: 10 | L101: =IF(M101="Yes",SUM(H101,J101),"") -> 21 | M101: Yes | N101: Open
A102: 46199 | B102: =TEXT(A102,"ddd") -> Fri | C102: Ibizan Hound Club of the United States | D102: Williamston | E102: MI | F102: 2026291602 | G102: Ibizan Hound specialty | H102: 13 | I102: 13 | L102: =IF(M102="Yes",SUM(H102,J102),"") -> 13 | M102: Yes | N102: Open
A103: 46199 | B103: =TEXT(A103,"ddd") -> Fri | C103: American Whippet Club, Inc. | D103: Williamston | E103: MI | F103: 2026074710 | G103: Whippet specialty | H103: 37 | I103: 37 | L103: =IF(M103="Yes",SUM(H103,J103),"") -> 37 | M103: Yes | N103: Open
A104: 46199 | B104: =TEXT(A104,"ddd") -> Fri | C104: Basenji Club of America, Inc. | D104: Williamston | E104: MI | F104: 2026000702 | G104: Basenji specialty | H104: 17 | I104: 16 | L104: =IF(M104="Yes",SUM(H104,J104),"") -> 17 | M104: Yes | N104: Open
A105: 46199 | B105: =TEXT(A105,"ddd") -> Fri | C105: Michigan Gazehound Association | D105: Williamston | E105: MI | F105: 2026261011 | G105: All-breed | J105: 11 | K105: 8 | L105: =IF(M105="Yes",SUM(H105,J105),"") -> 11 | M105: Yes | N105: Open
A106: 46200 | B106: =TEXT(A106,"ddd") -> Sat | C106: Michigan Gazehound Association | D106: Williamston | E106: MI | F106: 2026261012 | G106: All-breed | H106: 72 | I106: 69 | J106: 6 | K106: 6 | L106: =IF(M106="Yes",SUM(H106,J106),"") -> 78 | M106: Yes | N106: Open
A107: 46200 | B107: =TEXT(A107,"ddd") -> Sat | C107: Irish Wolfhound Association of Lake Erie | D107: Fredonia | E107: NY | F107: 2026761222 | G107: All-breed | H107: 9 | I107: 9 | J107: 3 | K107: 3 | L107: =IF(M107="Yes",SUM(H107,J107),"") -> 12 | M107: Yes | N107: Open
A108: 46201 | B108: =TEXT(A108,"ddd") -> Sun | C108: Irish Wolfhound Association of Lake Erie | D108: Fredonia | E108: NY | F108: 2026761223 | G108: All-breed | H108: 7 | I108: 6 | J108: 1 | K108: 1 | L108: =IF(M108="Yes",SUM(H108,J108),"") -> 8 | M108: Yes | N108: Open
A109: 46201 | B109: =TEXT(A109,"ddd") -> Sun | C109: Michigan Gazehound Association | D109: Williamston | E109: MI | F109: 2026261013 | G109: All-breed | H109: 77 | I109: 61 | J109: 2 | K109: 2 | L109: =IF(M109="Yes",SUM(H109,J109),"") -> 79 | M109: Yes | N109: Open
A110: 46207 | B110: =TEXT(A110,"ddd") -> Sat | C110: Minnesota Coursing Association | D110: Farmington | E110: MN | F110: 2026262907 | G110: All-breed | H110: 36 | I110: 34 | J110: 10 | K110: 8 | L110: =IF(M110="Yes",SUM(H110,J110),"") -> 46 | M110: Yes | N110: Open
A111: 46208 | B111: =TEXT(A111,"ddd") -> Sun | C111: Minnesota Coursing Association | D111: Farmington | E111: MN | F111: 2026262908 | G111: All-breed | H111: 38 | I111: 34 | J111: 6 | K111: 6 | L111: =IF(M111="Yes",SUM(H111,J111),"") -> 44 | M111: Yes | N111: Open
A112: 46214 | B112: =TEXT(A112,"ddd") -> Sat | C112: Northwest Rhodesian Ridgeback Club | D112: Duvall | E112: WA | F112: 2026686314 | G112: All-breed | H112: 32 | I112: 32 | J112: 9 | K112: 9 | L112: =IF(M112="Yes",SUM(H112,J112),"") -> 41 | M112: Yes | N112: Open
A113: 46215 | B113: =TEXT(A113,"ddd") -> Sun | C113: Pharaoh Hound Club of America | D113: Bennett | E113: CO | F113: 2026283602 | G113: Pharaoh Hound specialty | H113: 26 | I113: 24 | J113: 0 | K113: 0 | L113: =IF(M113="Yes",SUM(H113,J113),"") -> 26 | M113: Yes | N113: Open
A114: 46215 | B114: =TEXT(A114,"ddd") -> Sun | C114: Northwest Rhodesian Ridgeback Club | D114: Duvall | E114: WA | F114: 2026686315 | G114: All-breed | H114: 30 | I114: 30 | J114: 7 | K114: 7 | L114: =IF(M114="Yes",SUM(H114,J114),"") -> 37 | M114: Yes | N114: Open
A115: 46220 | B115: =TEXT(A115,"ddd") -> Fri | C115: Alaska Hound Group Association | D115: Palmer | E115: AK | F115: 2026659326 | G115: All-breed | H115: 9 | I115: 9 | J115: 1 | K115: 1 | L115: =IF(M115="Yes",SUM(H115,J115),"") -> 10 | M115: Yes | N115: Open
A116: 46221 | B116: =TEXT(A116,"ddd") -> Sat | C116: Alaska Hound Group Association | D116: Palmer | E116: AK | F116: 2026659310 | G116: All-breed | H116: 10 | I116: 10 | J116: 0 | K116: 0 | L116: =IF(M116="Yes",SUM(H116,J116),"") -> 10 | M116: Yes | N116: Open
A117: 46222 | B117: =TEXT(A117,"ddd") -> Sun | C117: Alaska Hound Group Association | D117: Palmer | E117: AK | F117: 2026659311 | G117: All-breed | H117: 8 | I117: 8 | J117: 0 | K117: 0 | L117: =IF(M117="Yes",SUM(H117,J117),"") -> 8 | M117: Yes | N117: Open
... A123: 46271 | B123: =TEXT(A123,"ddd") -> Sun | C123: Gazehound Association of the Smoky Mountains | D123: Limestone | E123: TN | F123: 2026741912 | G123: All-breed | H123: 56 | I123: 56 | J123: 3 | K123: 2 | L123: =IF(M123="Yes",SUM(H123,J123),"") -> 59 | M123: Yes | N123: Open
A124: 46272 | B124: =TEXT(A124,"ddd") -> Mon | C124: Ibizan Hound Club of the United States | D124: Sorento | E124: IL | F124: 2026291609 | L124: =IF(M124="Yes",SUM(H124,J124),"") | M124: No | N124: Open
A125: 46272 | B125: =TEXT(A125,"ddd") -> Mon | C125: Gazehound Association of the Smoky Mountains | D125: Limestone | E125: TN | F125: 2026741913 | L125: =IF(M125="Yes",SUM(H125,J125),"") | M125: No | N125: Open
A126: 46272 | B126: =TEXT(A126,"ddd") -> Mon | C126: Central Leatherstocking Area Sighthound Society | D126: Starkville | E126: NY | F126: 2026698401 | G126: All-breed | H126: 30 | I126: 30 | J126: 0 | K126: 0 | L126: =IF(M126="Yes",SUM(H126,J126),"") -> 30 | M126: Yes | N126: Open
A127: 46277 | B127: =TEXT(A127,"ddd") -> Sat | C127: Alaska Hound Group Association | D127: Palmer | E127: AK | F127: 2026659318 | L127: =IF(M127="Yes",SUM(H127,J127),"") | M127: No | N127: Open
A128: 46277 | B128: =TEXT(A128,"ddd") -> Sat | C128: Chesapeake Bay Area Rhodesian Ridgeback Club | D128: Hanover | E128: PA | F128: 2026724111 | L128: =IF(M128="Yes",SUM(H128,J128),"") | M128: No | N128: Open
...

Sheet Summary
A1: AKC lure coursing entries, January 1 to October 9, 2026
A2: Source: AKC Event Search, event type Lure Coursing Tests & Trials (LC), all states. Collected October 9, 2026.
A4: Events listed | B4: =COUNTA(Trials!$F$2:$F$149) -> 148
A5: Events with results posted | B5: =COUNTIF(Trials!$M$2:$M$149,"Yes") -> 123
A6: Events without results posted yet | B6: =COUNTIF(Trials!$M$2:$M$149,"No") -> 25
A7: LC Trial entries | B7: =SUM(Trials!$H$2:$H$149) -> 3938
A8: LC Trial competitors | B8: =SUM(Trials!$I$2:$I$149) -> 3828
A9: LC Test entries (JC/QC) | B9: =SUM(Trials!$J$2:$J$149) -> 622
A10: LC Test competitors | B10: =SUM(Trials!$K$2:$K$149) -> 606
A11: Total entries (trial + test) | B11: =SUM(Trials!$L$2:$L$149) -> 4560
A12: Events that held an LC Trial | B12: =COUNT(Trials!$H$2:$H$149) -> 121
A13: Average LC Trial entries per trial | B13: =B7/B12 -> 32.545455
A14: Largest LC Trial entry | B14: =MAX(Trials!$H$2:$H$149) -> 77
A15: Smallest LC Trial entry | B15: =MIN(Trials!$H$2:$H$149) -> 6
A17: By month
A18: Month | B18: Events | C18: With results | D18: LC Trial entries | E18: LC Test entries | F18: Total entries | G18: Avg trial entries
A19: 46023 | B19: =COUNTIFS(Trials!$A$2:$A$149,">="&DATE(2026,1,1),Trials!$A$2:$A$149,"<"&DATE(2026,2,1)) -> 8 | C19: =COUNTIFS(Trials!$A$2:$A$149,">="&DATE(2026,1,1),Trials!$A$2:$A$149,"<"&DATE(2026,2,1),Trials!$M$2:$M$149,"Yes") -> 8 | D19: =SUMIFS(Trials!$H$2:$H$149,Trials!$A$2:$A$149,">="&DATE(2026,1,1),Trials!$A$2:$A$149,"<"&DATE(2026,2,1)) -> 319 | E19: =SUMIFS(Trials!$J$2:$J$149,Trials!$A$2:$A$149,">="&DATE(2026,1,1),Trials!$A$2:$A$149,"<"&DATE(2026,2,1)) -> 51 | F19: =D19+E19 -> 370 | G19: =IF(COUNTIFS(Trials!$A$2:$A$149,">="&DATE(2026,1,1),Trials!$A$2:$A$149,"<"&DATE(2026,2,1),Trials!$H$2:$H$149,">=0")=0,"",D19/COUNTIFS(Trials!$A$2:$A$149,">="&DATE(2026,1,1),Trials!$A$2:$A$149,"<"&DATE(2026,2,1),Trials!$H$2:$H$149,">=0")) -> 39.875
A20: 46054 | B20: =COUNTIFS(Trials!$A$2:$A$149,">="&DATE(2026,2,1),Trials!$A$2:$A$149,"<"&DATE(2026,3,1)) -> 9 | C20: =COUNTIFS(Trials!$A$2:$A$149,">="&DATE(2026,2,1),Trials!$A$2:$A$149,"<"&DATE(2026,3,1),Trials!$M$2:$M$149,"Yes") -> 9 | D20: =SUMIFS(Trials!$H$2:$H$149,Trials!$A$2:$A$149,">="&DATE(2026,2,1),Trials!$A$2:$A$149,"<"&DATE(2026,3,1)) -> 372 | E20: =SUMIFS(Trials!$J$2:$J$149,Trials!$A$2:$A$149,">="&DATE(2026,2,1),Trials!$A$2:$A$149,"<"&DATE(2026,3,1)) -> 46 | F20: =D20+E20 -> 418 | G20: =IF(COUNTIFS(Trials!$A$2:$A$149,">="&DATE(2026,2,1),Trials!$A$2:$A$149,"<"&DATE(2026,3,1),Trials!$H$2:$H$149,">=0")=0,"",D20/COUNTIFS(Trials!$A$2:$A$149,">="&DATE(2026,2,1),Trials!$A$2:$A$149,"<"&DATE(2026,3,1),Trials!$H$2:$H$149,">=0")) -> 41.333333
A21: 46082 | B21: =COUNTIFS(Trials!$A$2:$A$149,">="&DATE(2026,3,1),Trials!$A$2:$A$149,"<"&DATE(2026,4,1)) -> 20 | C21: =COUNTIFS(Trials!$A$2:$A$149,">="&DATE(2026,3,1),Trials!$A$2:$A$149,"<"&DATE(2026,4,1),Trials!$M$2:$M$149,"Yes") -> 20 | D21: =SUMIFS(Trials!$H$2:$H$149,Trials!$A$2:$A$149,">="&DATE(2026,3,1),Trials!$A$2:$A$149,"<"&DATE(2026,4,1)) -> 784 | E21: =SUMIFS(Trials!$J$2:$J$149,Trials!$A$2:$A$149,">="&DATE(2026,3,1),Trials!$A$2:$A$149,"<"&DATE(2026,4,1)) -> 126 | F21: =D21+E21 -> 910 | G21: =IF(COUNTIFS(Trials!$A$2:$A$149,">="&DATE(2026,3,1),Trials!$A$2:$A$149,"<"&DATE(2026,4,1),Trials!$H$2:$H$149,">=0")=0,"",D21/COUNTIFS(Trials!$A$2:$A$149,">="&DATE(2026,3,1),Trials!$A$2:$A$149,"<"&DATE(2026,4,1),Trials!$H$2:$H$149,">=0")) -> 39.2
A22: 46113 | B22: =COUNTIFS(Trials!$A$2:$A$149,">="&DATE(2026,4,1),Trials!$A$2:$A$149,"<"&DATE(2026,5,1)) -> 17 | C22: =COUNTIFS(Trials!$A$2:$A$149,">="&DATE(2026,4,1),Trials!$A$2:$A$149,"<"&DATE(2026,5,1),Trials!$M$2:$M$149,"Yes") -> 17 | D22: =SUMIFS(Trials!$H$2:$H$149,Trials!$A$2:$A$149,">="&DATE(2026,4,1),Trials!$A$2:$A$149,"<"&DATE(2026,5,1)) -> 556 | E22: =SUMIFS(Trials!$J$2:$J$149,Trials!$A$2:$A$149,">="&DATE(2026,4,1),Trials!$A$2:$A$149,"<"&DATE(2026,5,1)) -> 80 | F22: =D22+E22 -> 636 | G22: =IF(COUNTIFS(Trials!$A$2:$A$149,">="&DATE(2026,4,1),Trials!$A$2:$A$149,"<"&DATE(2026,5,1),Trials!$H$2:$H$149,">=0")=0,"",D22/COUNTIFS(Trials!$A$2:$A$149,">="&DATE(2026,4,1),Trials!$A$2:$A$149,"<"&DATE(2026,5,1),Trials!$H$2:$H$149,">=0")) -> 32.705882
A23: 46143 | B23: =COUNTIFS(Trials!$A$2:$A$149,">="&DATE(2026,5,1),Trials!$A$2:$A$149,"<"&DATE(2026,6,1)) -> 34 | C23: =COUNTIFS(Trials!$A$2:$A$149,">="&DATE(2026,5,1),Trials!$A$2:$A$149,"<"&DATE(2026,6,1),Trials!$M$2:$M$149,"Yes") -> 34 | D23: =SUMIFS(Trials!$H$2:$H$149,Trials!$A$2:$A$149,">="&DATE(2026,5,1),Trials!$A$2:$A$149,"<"&DATE(2026,6,1)) -> 878 | E23: =SUMIFS(Trials!$J$2:$J$149,Trials!$A$2:$A$149,">="&DATE(2026,5,1),Trials!$A$2:$A$149,"<"&DATE(2026,6,1)) -> 159 | F23: =D23+E23 -> 1037 | G23: =IF(COUNTIFS(Trials!$A$2:$A$149,">="&DATE(2026,5,1),Trials!$A$2:$A$149,"<"&DATE(2026,6,1),Trials!$H$2:$H$149,">=0")=0,"",D23/COUNTIFS(Trials!$A$2:$A$149,">="&DATE(2026,5,1),Trials!$A$2:$A$149,"<"&DATE(2026,6,1),Trials!$H$2:$H$149,">=0")) -> 26.606061
A24: 46174 | B24: =COUNTIFS(Trials!$A$2:$A$149,">="&DATE(2026,6,1),Trials!$A$2:$A$149,"<"&DATE(2026,7,1)) -> 20 | C24: =COUNTIFS(Trials!$A$2:$A$149,">="&DATE(2026,6,1),Trials!$A$2:$A$149,"<"&DATE(2026,7,1),Trials!$M$2:$M$149,"Yes") -> 20 | D24: =SUMIFS(Trials!$H$2:$H$149,Trials!$A$2:$A$149,">="&DATE(2026,6,1),Trials!$A$2:$A$149,"<"&DATE(2026,7,1)) -> 588 | E24: =SUMIFS(Trials!$J$2:$J$149,Trials!$A$2:$A$149,">="&DATE(2026,6,1),Trials!$A$2:$A$149,"<"&DATE(2026,7,1)) -> 101 | F24: =D24+E24 -> 689 | G24: =IF(COUNTIFS(Trials!$A$2:$A$149,">="&DATE(2026,6,1),Trials!$A$2:$A$149,"<"&DATE(2026,7,1),Trials!$H$2:$H$149,">=0")=0,"",D24/COUNTIFS(Trials!$A$2:$A$149,">="&DATE(2026,6,1),Trials!$A$2:$A$149,"<"&DATE(2026,7,1),Trials!$H$2:$H$149,">=0")) -> 30.947368
A25: 46204 | B25: =COUNTIFS(Trials!$A$2:$A$149,">="&DATE(2026,7,1),Trials!$A$2:$A$149,"<"&DATE(2026,8,1)) -> 8 | C25: =COUNTIFS(Trials!$A$2:$A$149,">="&DATE(2026,7,1),Trials!$A$2:$A$149,"<"&DATE(2026,8,1),Trials!$M$2:$M$149,"Yes") -> 8 | D25: =SUMIFS(Trials!$H$2:$H$149,Trials!$A$2:$A$149,">="&DATE(2026,7,1),Trials!$A$2:$A$149,"<"&DATE(2026,8,1)) -> 189 | E25: =SUMIFS(Trials!$J$2:$J$149,Trials!$A$2:$A$149,">="&DATE(2026,7,1),Trials!$A$2:$A$149,"<"&DATE(2026,8,1)) -> 33 | F25: =D25+E25 -> 222 | G25: =IF(COUNTIFS(Trials!$A$2:$A$149,">="&DATE(2026,7,1),Trials!$A$2:$A$149,"<"&DATE(2026,8,1),Trials!$H$2:$H$149,">=0")=0,"",D25/COUNTIFS(Trials!$A$2:$A$149,">="&DATE(2026,7,1),Trials!$A$2:$A$149,"<"&DATE(2026,8,1),Trials!$H$2:$H$149,">=0")) -> 23.625
A26: 46235 | B26: =COUNTIFS(Trials!$A$2:$A$149,">="&DATE(2026,8,1),Trials!$A$2:$A$149,"<"&DATE(2026,9,1)) -> 4 | C26: =COUNTIFS(Trials!$A$2:$A$149,">="&DATE(2026,8,1),Trials!$A$2:$A$149,"<"&DATE(2026,9,1),Trials!$M$2:$M$149,"Yes") -> 4 | D26: =SUMIFS(Trials!$H$2:$H$149,Trials!$A$2:$A$149,">="&DATE(2026,8,1),Trials!$A$2:$A$149,"<"&DATE(2026,9,1)) -> 115 | E26: =SUMIFS(Trials!$J$2:$J$149,Trials!$A$2:$A$149,">="&DATE(2026,8,1),Trials!$A$2:$A$149,"<"&DATE(2026,9,1)) -> 20 | F26: =D26+E26 -> 135 | G26: =IF(COUNTIFS(Trials!$A$2:$A$149,">="&DATE(2026,8,1),Trials!$A$2:$A$149,"<"&DATE(2026,9,1),Trials!$H$2:$H$149,">=0")=0,"",D26/COUNTIFS(Trials!$A$2:$A$149,">="&DATE(2026,8,1),Trials!$A$2:$A$149,"<"&DATE(2026,9,1),Trials!$H$2:$H$149,">=0")) -> 28.75
A27: 46266 | B27: =COUNTIFS(Trials!$A$2:$A$149,">="&DATE(2026,9,1),Trials!$A$2:$A$149,"<"&DATE(2026,10,1)) -> 17 | C27: =COUNTIFS(Trials!$A$2:$A$149,">="&DATE(2026,9,1),Trials!$A$2:$A$149,"<"&DATE(2026,10,1),Trials!$M$2:$M$149,"Yes") -> 3 | D27: =SUMIFS(Trials!$H$2:$H$149,Trials!$A$2:$A$149,">="&DATE(2026,9,1),Trials!$A$2:$A$149,"<"&DATE(2026,10,1)) -> 137 | E27: =SUMIFS(Trials!$J$2:$J$149,Trials!$A$2:$A$149,">="&DATE(2026,9,1),Trials!$A$2:$A$149,"<"&DATE(2026,10,1)) -> 6 | F27: =D27+E27 -> 143 | G27: =IF(COUNTIFS(Trials!$A$2:$A$149,">="&DATE(2026,9,1),Trials!$A$2:$A$149,"<"&DATE(2026,10,1),Trials!$H$2:$H$149,">=0")=0,"",D27/COUNTIFS(Trials!$A$2:$A$149,">="&DATE(2026,9,1),Trials!$A$2:$A$149,"<"&DATE(2026,10,1),Trials!$H$2:$H$149,">=0")) -> 45.666667
A28: 46296 | B28: =COUNTIFS(Trials!$A$2:$A$149,">="&DATE(2026,10,1),Trials!$A$2:$A$149,"<"&DATE(2026,11,1)) -> 11 | C28: =COUNTIFS(Trials!$A$2:$A$149,">="&DATE(2026,10,1),Trials!$A$2:$A$149,"<"&DATE(2026,11,1),Trials!$M$2:$M$149,"Yes") -> 0 | D28: =SUMIFS(Trials!$H$2:$H$149,Trials!$A$2:$A$149,">="&DATE(2026,10,1),Trials!$A$2:$A$149,"<"&DATE(2026,11,1)) -> 0 | E28: =SUMIFS(Trials!$J$2:$J$149,Trials!$A$2:$A$149,">="&DATE(2026,10,1),Trials!$A$2:$A$149,"<"&DATE(2026,11,1)) -> 0 | F28: =D28+E28 -> 0 | G28: =IF(COUNTIFS(Trials!$A$2:$A$149,">="&DATE(2026,10,1),Trials!$A$2:$A$149,"<"&DATE(2026,11,1),Trials!$H$2:$H$149,">=0")=0,"",D28/COUNTIFS(Trials!$A$2:$A$149,">="&DATE(2026,10,1),Trials!$A$2:$A$149,"<"&DATE(2026,11,1),Trials!$H$2:$H$149,">=0"))
A29: Total | B29: =SUM(B19:B28) -> 148 | C29: =SUM(C19:C28) -> 123 | D29: =SUM(D19:D28) -> 3938 | E29: =SUM(E19:E28) -> 622 | F29: =SUM(F19:F28) -> 4560
A32: By state
A33: State | B33: Events | C33: With results | D33: LC Trial entries | E33: LC Test entries | F33: Total entries | G33: Avg trial entries
A34: AK | B34: =COUNTIF(Trials!$E$2:$E$149,A34) -> 7 | C34: =COUNTIFS(Trials!$E$2:$E$149,A34,Trials!$M$2:$M$149,"Yes") -> 5 | D34: =SUMIF(Trials!$E$2:$E$149,A34,Trials!$H$2:$H$149) -> 41 | E34: =SUMIF(Trials!$E$2:$E$149,A34,Trials!$J$2:$J$149) -> 6 | F34: =D34+E34 -> 47 | G34: =IF(COUNTIFS(Trials!$E$2:$E$149,A34,Trials!$H$2:$H$149,">=0")=0,"",D34/COUNTIFS(Trials!$E$2:$E$149,A34,Trials!$H$2:$H$149,">=0")) -> 8.2
A35: AL | B35: =COUNTIF(Trials!$E$2:$E$149,A35) -> 2 | C35: =COUNTIFS(Trials!$E$2:$E$149,A35,Trials!$M$2:$M$149,"Yes") -> 2 | D35: =SUMIF(Trials!$E$2:$E$149,A35,Trials!$H$2:$H$149) -> 32 | E35: =SUMIF(Trials!$E$2:$E$149,A35,Trials!$J$2:$J$149) -> 16 | F35: =D35+E35 -> 48 | G35: =IF(COUNTIFS(Trials!$E$2:$E$149,A35,Trials!$H$2:$H$149,">=0")=0,"",D35/COUNTIFS(Trials!$E$2:$E$149,A35,Trials!$H$2:$H$149,">=0")) -> 16
A36: AZ | B36: =COUNTIF(Trials!$E$2:$E$149,A36) -> 8 | C36: =COUNTIFS(Trials!$E$2:$E$149,A36,Trials!$M$2:$M$149,"Yes") -> 8 | D36: =SUMIF(Trials!$E$2:$E$149,A36,Trials!$H$2:$H$149) -> 281 | E36: =SUMIF(Trials!$E$2:$E$149,A36,Trials!$J$2:$J$149) -> 44 | F36: =D36+E36 -> 325 | G36: =IF(COUNTIFS(Trials!$E$2:$E$149,A36,Trials!$H$2:$H$149,">=0")=0,"",D36/COUNTIFS(Trials!$E$2:$E$149,A36,Trials!$H$2:$H$149,">=0")) -> 35.125
A37: CA | B37: =COUNTIF(Trials!$E$2:$E$149,A37) -> 14 | C37: =COUNTIFS(Trials!$E$2:$E$149,A37,Trials!$M$2:$M$149,"Yes") -> 10 | D37: =SUMIF(Trials!$E$2:$E$149,A37,Trials!$H$2:$H$149) -> 372 | E37: =SUMIF(Trials!$E$2:$E$149,A37,Trials!$J$2:$J$149) -> 59 | F37: =D37+E37 -> 431 | G37: =IF(COUNTIFS(Trials!$E$2:$E$149,A37,Trials!$H$2:$H$149,">=0")=0,"",D37/COUNTIFS(Trials!$E$2:$E$149,A37,Trials!$H$2:$H$149,">=0")) -> 37.2
A38: CO | B38: =COUNTIF(Trials!$E$2:$E$149,A38) -> 3 | C38: =COUNTIFS(Trials!$E$2:$E$149,A38,Trials!$M$2:$M$149,"Yes") -> 3 | D38: =SUMIF(Trials!$E$2:$E$149,A38,Trials!$H$2:$H$149) -> 66 | E38: =SUMIF(Trials!$E$2:$E$149,A38,Trials!$J$2:$J$149) -> 15 | F38: =D38+E38 -> 81 | G38: =IF(COUNTIFS(Trials!$E$2:$E$149,A38,Trials!$H$2:$H$149,">=0")=0,"",D38/COUNTIFS(Trials!$E$2:$E$149,A38,Trials!$H$2:$H$149,">=0")) -> 22
A39: CT | B39: =COUNTIF(Trials!$E$2:$E$149,A39) -> 2 | C39: =COUNTIFS(Trials!$E$2:$E$149,A39,Trials!$M$2:$M$149,"Yes") -> 2 | D39: =SUMIF(Trials!$E$2:$E$149,A39,Trials!$H$2:$H$149) -> 93 | E39: =SUMIF(Trials!$E$2:$E$149,A39,Trials!$J$2:$J$149) -> 16 | F39: =D39+E39 -> 109 | G39: =IF(COUNTIFS(Trials!$E$2:$E$149,A39,Trials!$H$2:$H$149,">=0")=0,"",D39/COUNTIFS(Trials!$E$2:$E$149,A39,Trials!$H$2:$H$149,">=0")) -> 46.5
A40: FL | B40: =COUNTIF(Trials!$E$2:$E$149,A40) -> 10 | C40: =COUNTIFS(Trials!$E$2:$E$149,A40,Trials!$M$2:$M$149,"Yes") -> 10 | D40: =SUMIF(Trials!$E$2:$E$149,A40,Trials!$H$2:$H$149) -> 420 | E40: =SUMIF(Trials!$E$2:$E$149,A40,Trials!$J$2:$J$149) -> 42 | F40: =D40+E40 -> 462 | G40: =IF(COUNTIFS(Trials!$E$2:$E$149,A40,Trials!$H$2:$H$149,">=0")=0,"",D40/COUNTIFS(Trials!$E$2:$E$149,A40,Trials!$H$2:$H$149,">=0")) -> 42
A41: GA | B41: =COUNTIF(Trials!$E$2:$E$149,A41) -> 2 | C41: =COUNTIFS(Trials!$E$2:$E$149,A41,Trials!$M$2:$M$149,"Yes") -> 0 | D41: =SUMIF(Trials!$E$2:$E$149,A41,Trials!$H$2:$H$149) -> 0 | E41: =SUMIF(Trials!$E$2:$E$149,A41,Trials!$J$2:$J$149) -> 0 | F41: =D41+E41 -> 0 | G41: =IF(COUNTIFS(Trials!$E$2:$E$149,A41,Trials!$H$2:$H$149,">=0")=0,"",D41/COUNTIFS(Trials!$E$2:$E$149,A41,Trials!$H$2:$H$149,">=0"))
A42: IA | B42: =COUNTIF(Trials!$E$2:$E$149,A42) -> 3 | C42: =COUNTIFS(Trials!$E$2:$E$149,A42,Trials!$M$2:$M$149,"Yes") -> 3 | D42: =SUMIF(Trials!$E$2:$E$149,A42,Trials!$H$2:$H$149) -> 120 | E42: =SUMIF(Trials!$E$2:$E$149,A42,Trials!$J$2:$J$149) -> 1 | F42: =D42+E42 -> 121 | G42: =IF(COUNTIFS(Trials!$E$2:$E$149,A42,Trials!$H$2:$H$149,">=0")=0,"",D42/COUNTIFS(Trials!$E$2:$E$149,A42,Trials!$H$2:$H$149,">=0")) -> 40
A43: IL | B43: =COUNTIF(Trials!$E$2:$E$149,A43) -> 1 | C43: =COUNTIFS(Trials!$E$2:$E$149,A43,Trials!$M$2:$M$149,"Yes") -> 0 | D43: =SUMIF(Trials!$E$2:$E$149,A43,Trials!$H$2:$H$149) -> 0 | E43: =SUMIF(Trials!$E$2:$E$149,A43,Trials!$J$2:$J$149) -> 0 | F43: =D43+E43 -> 0 | G43: =IF(COUNTIFS(Trials!$E$2:$E$149,A43,Trials!$H$2:$H$149,">=0")=0,"",D43/COUNTIFS(Trials!$E$2:$E$149,A43,Trials!$H$2:$H$149,">=0"))
A44: MI | B44: =COUNTIF(Trials!$E$2:$E$149,A44) -> 8 | C44: =COUNTIFS(Trials!$E$2:$E$149,A44,Trials!$M$2:$M$149,"Yes") -> 8 | D44: =SUMIF(Trials!$E$2:$E$149,A44,Trials!$H$2:$H$149) -> 331 | E44: =SUMIF(Trials!$E$2:$E$149,A44,Trials!$J$2:$J$149) -> 39 | F44: =D44+E44 -> 370 | G44: =IF(COUNTIFS(Trials!$E$2:$E$149,A44,Trials!$H$2:$H$149,">=0")=0,"",D44/COUNTIFS(Trials!$E$2:$E$149,A44,Trials!$H$2:$H$149,">=0")) -> 47.285714
A45: MN | B45: =COUNTIF(Trials!$E$2:$E$149,A45) -> 4 | C45: =COUNTIFS(Trials!$E$2:$E$149,A45,Trials!$M$2:$M$149,"Yes") -> 4 | D45: =SUMIF(Trials!$E$2:$E$149,A45,Trials!$H$2:$H$149) -> 112 | E45: =SUMIF(Trials!$E$2:$E$149,A45,Trials!$J$2:$J$149) -> 28 | F45: =D45+E45 -> 140 | G45: =IF(COUNTIFS(Trials!$E$2:$E$149,A45,Trials!$H$2:$H$149,">=0")=0,"",D45/COUNTIFS(Trials!$E$2:$E$149,A45,Trials!$H$2:$H$149,">=0")) -> 28
... A60: WI | B60: =COUNTIF(Trials!$E$2:$E$149,A60) -> 2 | C60: =COUNTIFS(Trials!$E$2:$E$149,A60,Trials!$M$2:$M$149,"Yes") -> 2 | D60: =SUMIF(Trials!$E$2:$E$149,A60,Trials!$H$2:$H$149) -> 25 | E60: =SUMIF(Trials!$E$2:$E$149,A60,Trials!$J$2:$J$149) -> 20 | F60: =D60+E60 -> 45 | G60: =IF(COUNTIFS(Trials!$E$2:$E$149,A60,Trials!$H$2:$H$149,">=0")=0,"",D60/COUNTIFS(Trials!$E$2:$E$149,A60,Trials!$H$2:$H$149,">=0")) -> 12.5
A61: Total | B61: =SUM(B34:B60) -> 148 | C61: =SUM(C34:C60) -> 123 | D61: =SUM(D34:D60) -> 3938 | E61: =SUM(E34:E60) -> 622 | F61: =SUM(F34:F60) -> 4560

Sheet Trial ranking
A1: Trials ranked by LC Trial entries
A2: Events with results posted that held a trial. Tied trials share a rank.
A4: Rank | B4: Date | C4: Club | D4: City | E4: State | F4: LC Trial entries | G4: LC Trial competitors | H4: LC Test entries
A5: =RANK(F5,$F$5:$F$125) -> 1 | B5: =Trials!A48 -> 46124 | C5: =Trials!C48 -> American Whippet Club, Inc. | D5: =Trials!D48 -> Pasco | E5: =Trials!E48 -> WA | F5: =Trials!H48 -> 77 | G5: =Trials!I48 -> 74 | H5: =IF(Trials!J48="","",Trials!J48)
A6: =RANK(F6,$F$5:$F$125) -> 1 | B6: =Trials!A109 -> 46201 | C6: =Trials!C109 -> Michigan Gazehound Association | D6: =Trials!D109 -> Williamston | E6: =Trials!E109 -> MI | F6: =Trials!H109 -> 77 | G6: =Trials!I109 -> 61 | H6: =IF(Trials!J109="","",Trials!J109) -> 2
A7: =RANK(F7,$F$5:$F$125) -> 3 | B7: =Trials!A73 -> 46158 | C7: =Trials!C73 -> Trinity Valley Rhodesian Ridgeback Club of Texas | D7: =Trials!D73 -> McKinney | E7: =Trials!E73 -> TX | F7: =Trials!H73 -> 73 | G7: =Trials!I73 -> 73 | H7: =IF(Trials!J73="","",Trials!J73) -> 4
A8: =RANK(F8,$F$5:$F$125) -> 4 | B8: =Trials!A106 -> 46200 | C8: =Trials!C106 -> Michigan Gazehound Association | D8: =Trials!D106 -> Williamston | E8: =Trials!E106 -> MI | F8: =Trials!H106 -> 72 | G8: =Trials!I106 -> 69 | H8: =IF(Trials!J106="","",Trials!J106) -> 6
A9: =RANK(F9,$F$5:$F$125) -> 5 | B9: =Trials!A37 -> 46110 | C9: =Trials!C37 -> Midwest Borzoi Club | D9: =Trials!D37 -> Lima | E9: =Trials!E37 -> OH | F9: =Trials!H37 -> 67 | G9: =Trials!I37 -> 64 | H9: =IF(Trials!J37="","",Trials!J37) -> 14
A10: =RANK(F10,$F$5:$F$125) -> 6 | B10: =Trials!A33 -> 46109 | C10: =Trials!C33 -> Midwest Borzoi Club | D10: =Trials!D33 -> Lima | E10: =Trials!E33 -> OH | F10: =Trials!H33 -> 64 | G10: =Trials!I33 -> 64 | H10: =IF(Trials!J33="","",Trials!J33) -> 15
A11: =RANK(F11,$F$5:$F$125) -> 7 | B11: =Trials!A80 -> 46159 | C11: =Trials!C80 -> Trinity Valley Rhodesian Ridgeback Club of Texas | D11: =Trials!D80 -> McKinney | E11: =Trials!E80 -> TX | F11: =Trials!H80 -> 63 | G11: =Trials!I80 -> 63 | H11: =IF(Trials!J80="","",Trials!J80) -> 1
A12: =RANK(F12,$F$5:$F$125) -> 8 | B12: =Trials!A95 -> 46180 | C12: =Trials!C95 -> Michigan Gazehound Association | D12: =Trials!D95 -> Bellevue | E12: =Trials!E95 -> MI | F12: =Trials!H95 -> 62 | G12: =Trials!I95 -> 56 | H12: =IF(Trials!J95="","",Trials!J95) -> 4
A13: =RANK(F13,$F$5:$F$125) -> 9 | B13: =Trials!A5 -> 46033 | C13: =Trials!C5 -> Northern California Whippet Fanciers Association | D13: =Trials!D5 -> Elverta | E13: =Trials!E5 -> CA | F13: =Trials!H5 -> 61 | G13: =Trials!I5 -> 61 | H13: =IF(Trials!J5="","",Trials!J5) -> 8
A14: =RANK(F14,$F$5:$F$125) -> 10 | B14: =Trials!A4 -> 46032 | C14: =Trials!C4 -> Northern California Whippet Fanciers Association | D14: =Trials!D4 -> Elverta | E14: =Trials!E4 -> CA | F14: =Trials!H4 -> 59 | G14: =Trials!I4 -> 59 | H14: =IF(Trials!J4="","",Trials!J4) -> 14
A15: =RANK(F15,$F$5:$F$125) -> 11 | B15: =Trials!A123 -> 46271 | C15: =Trials!C123 -> Gazehound Association of the Smoky Mountains | D15: =Trials!D123 -> Limestone | E15: =Trials!E123 -> TN | F15: =Trials!H123 -> 56 | G15: =Trials!I123 -> 56 | H15: =IF(Trials!J123="","",Trials!J123) -> 3
A16: =RANK(F16,$F$5:$F$125) -> 12 | B16: =Trials!A15 -> 46074 | C16: =Trials!C15 -> Desert Fun Bunch Sighthound Club | D16: =Trials!D15 -> Tonopah | E16: =Trials!E15 -> AZ | F16: =Trials!H15 -> 54 | G16: =Trials!I15 -> 54 | H16: =IF(Trials!J15="","",Trials!J15) -> 8
A17: =RANK(F17,$F$5:$F$125) -> 12 | B17: =Trials!A71 -> 46158 | C17: =Trials!C71 -> Gazehounds of New England Lure Coursing Club | D17: =Trials!D71 -> Waterford | E17: =Trials!E71 -> CT | F17: =Trials!H71 -> 54 | G17: =Trials!I71 -> 51 | H17: =IF(Trials!J71="","",Trials!J71) -> 9
A18: =RANK(F18,$F$5:$F$125) -> 14 | B18: =Trials!A90 -> 46179 | C18: =Trials!C90 -> Michigan Gazehound Association | D18: =Trials!D90 -> Bellevue | E18: =Trials!E90 -> MI | F18: =Trials!H90 -> 53 | G18: =Trials!I90 -> 50 | H18: =IF(Trials!J90="","",Trials!J90) -> 16
A19: =RANK(F19,$F$5:$F$125) -> 15 | B19: =Trials!A14 -> 46074 | C19: =Trials!C14 -> Greater Ocala-Gainesville Lure Coursing Association | D19: =Trials!D14 -> Brooksville | E19: =Trials!E14 -> FL | F19: =Trials!H14 -> 52 | G19: =Trials!I14 -> 51 | H19: =IF(Trials!J14="","",Trials!J14) -> 4
A20: =RANK(F20,$F$5:$F$125) -> 15 | B20: =Trials!A31 -> 46109 | C20: =Trials!C31 -> Afghan Hound Club of Austin | D20: =Trials!D31 -> Florence | E20: =Trials!E31 -> TX | F20: =Trials!H31 -> 52 | G20: =Trials!I31 -> 51 | H20: =IF(Trials!J31="","",Trials!J31) -> 9
A21: =RANK(F21,$F$5:$F$125) -> 15 | B21: =Trials!A36 -> 46110 | C21: =Trials!C36 -> Afghan Hound Club of Austin | D21: =Trials!D36 -> Florence | E21: =Trials!E36 -> TX | F21: =Trials!H36 -> 52 | G21: =Trials!I36 -> 47 | H21: =IF(Trials!J36="","",Trials!J36) -> 4
A22: =RANK(F22,$F$5:$F$125) -> 15 | B22: =Trials!A44 -> 46123 | C22: =Trials!C44 -> OKI Gazehound Association of Ohio | D22: =Trials!D44 -> Fairborn | E22: =Trials!E44 -> OH | F22: =Trials!H44 -> 52 | G22: =Trials!I44 -> 51 | H22: =IF(Trials!J44="","",Trials!J44) -> 13
A23: =RANK(F23,$F$5:$F$125) -> 19 | B23: =Trials!A122 -> 46270 | C23: =Trials!C122 -> Gazehound Association of the Smoky Mountains | D23: =Trials!D122 -> Limestone | E23: =Trials!E122 -> TN | F23: =Trials!H122 -> 51 | G23: =Trials!I122 -> 50 | H23: =IF(Trials!J122="","",Trials!J122) -> 3
A24: =RANK(F24,$F$5:$F$125) -> 20 | B24: =Trials!A11 -> 46061 | C24: =Trials!C11 -> Sunshine State Rhodesian Ridgeback Club | D24: =Trials!D11 -> High Springs | E24: =Trials!E11 -> FL | F24: =Trials!H11 -> 50 | G24: =Trials!I11 -> 50 | H24: =IF(Trials!J11="","",Trials!J11) -> 3
A25: =RANK(F25,$F$5:$F$125) -> 21 | B25: =Trials!A21 -> 46088 | C25: =Trials!C21 -> Evergreen Basenji Club | D25: =Trials!D21 -> Roy | E25: =Trials!E21 -> WA | F25: =Trials!H21 -> 49 | G25: =Trials!I21 -> 49 | H25: =IF(Trials!J21="","",Trials!J21) -> 18
A26: =RANK(F26,$F$5:$F$125) -> 21 | B26: =Trials!A38 -> 46110 | C26: =Trials!C38 -> Sierra Slopes Ibizan Hounds | D26: =Trials!D38 -> Elverta | E26: =Trials!E38 -> CA | F26: =Trials!H38 -> 49 | G26: =Trials!I38 -> 48 | H26: =IF(Trials!J38="","",Trials!J38) -> 8
A27: =RANK(F27,$F$5:$F$125) -> 23 | B27: =Trials!A16 -> 46075 | C27: =Trials!C16 -> Desert Fun Bunch Sighthound Club | D27: =Trials!D16 -> Tonopah | E27: =Trials!E16 -> AZ | F27: =Trials!H16 -> 48 | G27: =Trials!I16 -> 48 | H27: =IF(Trials!J16="","",Trials!J16) -> 3
A28: =RANK(F28,$F$5:$F$125) -> 24 | B28: =Trials!A27 -> 46103 | C28: =Trials!C27 -> Greater Ocala-Gainesville Lure Coursing Association | D28: =Trials!D27 -> Brooksville | E28: =Trials!E27 -> FL | F28: =Trials!H27 -> 47 | G28: =Trials!I27 -> 43 | H28: =IF(Trials!J27="","",Trials!J27) -> 7
A29: =RANK(F29,$F$5:$F$125) -> 25 | B29: =Trials!A47 -> 46124 | C29: =Trials!C47 -> OKI Gazehound Association of Ohio | D29: =Trials!D47 -> Fairborn | E29: =Trials!E47 -> OH | F29: =Trials!H47 -> 46 | G29: =Trials!I47 -> 44 | H29: =IF(Trials!J47="","",Trials!J47) -> 3
A30: =RANK(F30,$F$5:$F$125) -> 26 | B30: =Trials!A64 -> 46152 | C30: =Trials!C64 -> Evergreen Basenji Club | D30: =Trials!D64 -> Roy | E30: =Trials!E64 -> WA | F30: =Trials!H64 -> 44 | G30: =Trials!I64 -> 44 | H30: =IF(Trials!J64="","",Trials!J64) -> 10
A31: =RANK(F31,$F$5:$F$125) -> 27 | B31: =Trials!A29 -> 46109 | C31: =Trials!C29 -> Sierra Slopes Ibizan Hounds | D31: =Trials!D29 -> Elverta | E31: =Trials!E29 -> CA | F31: =Trials!H29 -> 43 | G31: =Trials!I29 -> 43 | H31: =IF(Trials!J29="","",Trials!J29) -> 7
A32: =RANK(F32,$F$5:$F$125) -> 27 | B32: =Trials!A81 -> 46165 | C32: =Trials!C81 -> Iowa Coursing Association | D32: =Trials!D81 -> Cedar Falls | E32: =Trials!E81 -> IA | F32: =Trials!H81 -> 43 | G32: =Trials!I81 -> 35 | H32: =IF(Trials!J81="","",Trials!J81) -> 0
A33: =RANK(F33,$F$5:$F$125) -> 29 | B33: =Trials!A17 -> 46075 | C33: =Trials!C17 -> Greater Ocala-Gainesville Lure Coursing Association | D33: =Trials!D17 -> Brooksville | E33: =Trials!E17 -> FL | F33: =Trials!H17 -> 42 | G33: =Trials!I17 -> 42 | H33: =IF(Trials!J17="","",Trials!J17) -> 1
A34: =RANK(F34,$F$5:$F$125) -> 29 | B34: =Trials!A18 -> 46081 | C34: =Trials!C18 -> Alamo Area Whippet Club | D34: =Trials!D18 -> Angleton | E34: =Trials!E18 -> TX | F34: =Trials!H18 -> 42 | G34: =Trials!I18 -> 42 | H34: =IF(Trials!J18="","",Trials!J18) -> 10
A35: =RANK(F35,$F$5:$F$125) -> 29 | B35: =Trials!A50 -> 46130 | C35: =Trials!C50 -> Western Washington Hound Association | D35: =Trials!D50 -> Ethel | E35: =Trials!E50 -> WA | F35: =Trials!H50 -> 42 | G35: =Trials!I50 -> 40 | H35: =IF(Trials!J50="","",Trials!J50) -> 6
A36: =RANK(F36,$F$5:$F$125) -> 29 | B36: =Trials!A70 -> 46158 | C36: =Trials!C70 -> Sighthound Organization of Tidewater | D36: =Trials!D70 -> Dendron | E36: =Trials!E70 -> VA | F36: =Trials!H70 -> 42 | G36: =Trials!I70 -> 40 | H36: =IF(Trials!J70="","",Trials!J70) -> 9
A37: =RANK(F37,$F$5:$F$125) -> 33 | B37: =Trials!A3 -> 46026 | C37: =Trials!C3 -> Sunshine State Rhodesian Ridgeback Club | D37: =Trials!D3 -> Weirsdale | E37: =Trials!E3 -> FL | F37: =Trials!H3 -> 41 | G37: =Trials!I3 -> 37 | H37: =IF(Trials!J3="","",Trials!J3) -> 2
A38: =RANK(F38,$F$5:$F$125) -> 33 | B38: =Trials!A6 -> 46039 | C38: =Trials!C6 -> Desert Fun Bunch Sighthound Club | D38: =Trials!D6 -> Black Canyon City | E38: =Trials!E6 -> AZ | F38: =Trials!H6 -> 41 | G38: =Trials!I6 -> 41 | H38: =IF(Trials!J6="","",Trials!J6) -> 2
A39: =RANK(F39,$F$5:$F$125) -> 33 | B39: =Trials!A10 -> 46060 | C39: =Trials!C10 -> Sunshine State Rhodesian Ridgeback Club | D39: =Trials!D10 -> High Springs | E39: =Trials!E10 -> FL | F39: =Trials!H10 -> 41 | G39: =Trials!I10 -> 41 | H39: =IF(Trials!J10="","",Trials!J10) -> 9
A40: =RANK(F40,$F$5:$F$125) -> 33 | B40: =Trials!A84 -> 46166 | C40: =Trials!C84 -> Iowa Coursing Association | D40: =Trials!D84 -> Cedar Falls | E40: =Trials!E84 -> IA | F40: =Trials!H84 -> 41 | G40: =Trials!I84 -> 37 | H40: =IF(Trials!J84="","",Trials!J84) -> 1
A41: =RANK(F41,$F$5:$F$125) -> 37 | B41: =Trials!A49 -> 46124 | C41: =Trials!C49 -> Trinity Valley Rhodesian Ridgeback Club of Texas | D41: =Trials!D49 -> Ponder | E41: =Trials!E49 -> TX | F41: =Trials!H49 -> 40 | G41: =Trials!I49 -> 40 | H41: =IF(Trials!J49="","",Trials!J49) -> 3
A42: =RANK(F42,$F$5:$F$125) -> 38 | B42: =Trials!A8 -> 46040 | C42: =Trials!C8 -> Desert Fun Bunch Sighthound Club | D42: =Trials!D8 -> Black Canyon City | E42: =Trials!E8 -> AZ | F42: =Trials!H8 -> 39 | G42: =Trials!I8 -> 39 | H42: =IF(Trials!J8="","",Trials!J8) -> 4
A43: =RANK(F43,$F$5:$F$125) -> 38 | B43: =Trials!A32 -> 46109 | C43: =Trials!C32 -> Sunshine State Rhodesian Ridgeback Club | D43: =Trials!D32 -> Weirsdale | E43: =Trials!E32 -> FL | F43: =Trials!H32 -> 39 | G43: =Trials!I32 -> 38 | H43: =IF(Trials!J32="","",Trials!J32) -> 4
A44: =RANK(F44,$F$5:$F$125) -> 38 | B44: =Trials!A74 -> 46159 | C44: =Trials!C74 -> Gazehounds of New England Lure Coursing Club | D44: =Trials!D74 -> Waterford | E44: =Trials!E74 -> CT | F44: =Trials!H74 -> 39 | G44: =Trials!I74 -> 39 | H44: =IF(Trials!J74="","",Trials!J74) -> 7
A45: =RANK(F45,$F$5:$F$125) -> 38 | B45: =Trials!A120 -> 46249 | C45: =Trials!C120 -> Coursing Hounds Association of Mid-Potomac | D45: =Trials!D120 -> Leesburg | E45: =Trials!E120 -> VA | F45: =Trials!H120 -> 39 | G45: =Trials!I120 -> 39 | H45: =IF(Trials!J120="","",Trials!J120) -> 2
A46: =RANK(F46,$F$5:$F$125) -> 42 | B46: =Trials!A34 -> 46110 | C46: =Trials!C34 -> Sunshine State Rhodesian Ridgeback Club | D46: =Trials!D34 -> Weirsdale | E46: =Trials!E34 -> FL | F46: =Trials!H34 -> 38 | G46: =Trials!I34 -> 36 | H46: =IF(Trials!J34="","",Trials!J34) -> 0
A47: =RANK(F47,$F$5:$F$125) -> 42 | B47: =Trials!A91 -> 46179 | C47: =Trials!C91 -> Northwest Rhodesian Ridgeback Club | D47: =Trials!D91 -> Ethel | E47: =Trials!E91 -> WA | F47: =Trials!H91 -> 38 | G47: =Trials!I91 -> 38 | H47: =IF(Trials!J91="","",Trials!J91) -> 9
A48: =RANK(F48,$F$5:$F$125) -> 42 | B48: =Trials!A111 -> 46208 | C48: =Trials!C111 -> Minnesota Coursing Association | D48: =Trials!D111 -> Farmington | E48: =Trials!E111 -> MN | F48: =Trials!H111 -> 38 | G48: =Trials!I111 -> 34 | H48: =IF(Trials!J111="","",Trials!J111) -> 6
A49: =RANK(F49,$F$5:$F$125) -> 45 | B49: =Trials!A20 -> 46082 | C49: =Trials!C20 -> Northern California Irish Wolfhound Club | D49: =Trials!D20 -> Fairfield | E49: =Trials!E20 -> CA | F49: =Trials!H20 -> 37 | G49: =Trials!I20 -> 37 | H49: =IF(Trials!J20="","",Trials!J20) -> 4
A50: =RANK(F50,$F$5:$F$125) -> 45 | B50: =Trials!A30 -> 46109 | C50: =Trials!C30 -> Northwest Rhodesian Ridgeback Club | D50: =Trials!D30 -> Ethel | E50: =Trials!E30 -> WA | F50: =Trials!H30 -> 37 | G50: =Trials!I30 -> 37 | H50: =IF(Trials!J30="","",Trials!J30) -> 5
A51: =RANK(F51,$F$5:$F$125) -> 45 | B51: =Trials!A45 -> 46123 | C51: =Trials!C45 -> Trinity Valley Rhodesian Ridgeback Club of Texas | D51: =Trials!D45 -> Ponder | E51: =Trials!E45 -> TX | F51: =Trials!H45 -> 37 | G51: =Trials!I45 -> 37 | H51: =IF(Trials!J45="","",Trials!J45) -> 9
A52: =RANK(F52,$F$5:$F$125) -> 45 | B52: =Trials!A93 -> 46180 | C52: =Trials!C93 -> Northwest Rhodesian Ridgeback Club | D52: =Trials!D93 -> Ethel | E52: =Trials!E93 -> WA | F52: =Trials!H93 -> 37 | G52: =Trials!I93 -> 36 | H52: =IF(Trials!J93="","",Trials!J93) -> 6
A53: =RANK(F53,$F$5:$F$125) -> 45 | B53: =Trials!A103 -> 46199 | C53: =Trials!C103 -> American Whippet Club, Inc. | D53: =Trials!D103 -> Williamston | E53: =Trials!E103 -> MI | F53: =Trials!H103 -> 37 | G53: =Trials!I103 -> 37 | H53: =IF(Trials!J103="","",Trials!J103)
A54: =RANK(F54,$F$5:$F$125) -> 50 | B54: =Trials!A40 -> 46116 | C54: =Trials!C40 -> Iowa Coursing Association | D54: =Trials!D40 -> Des Moines | E54: =Trials!E40 -> IA | F54: =Trials!H40 -> 36 | G54: =Trials!I40 -> 36 | H54: =IF(Trials!J40="","",Trials!J40)
A55: =RANK(F55,$F$5:$F$125) -> 50 | B55: =Trials!A42 -> 46121 | C55: =Trials!C42 -> Orange Coast Rhodesian Ridgeback Club | D55: =Trials!D42 -> Chino | E55: =Trials!E42 -> CA | F55: =Trials!H42 -> 36 | G55: =Trials!I42 -> 35 | H55: =IF(Trials!J42="","",Trials!J42)
A56: =RANK(F56,$F$5:$F$125) -> 50 | B56: =Trials!A53 -> 46131 | C56: =Trials!C53 -> Western Washington Hound Association | D56: =Trials!D53 -> Ethel | E56: =Trials!E53 -> WA | F56: =Trials!H53 -> 36 | G56: =Trials!I53 -> 35 | H56: =IF(Trials!J53="","",Trials!J53) -> 4
A57: =RANK(F57,$F$5:$F$125) -> 50 | B57: =Trials!A110 -> 46207 | C57: =Trials!C110 -> Minnesota Coursing Association | D57: =Trials!D110 -> Farmington | E57: =Trials!E110 -> MN | F57: =Trials!H110 -> 36 | G57: =Trials!I110 -> 34 | H57: =IF(Trials!J110="","",Trials!J110) -> 10
A58: =RANK(F58,$F$5:$F$125) -> 54 | B58: =Trials!A2 -> 46025 | C58: =Trials!C2 -> Sunshine State Rhodesian Ridgeback Club | D58: =Trials!D2 -> Weirsdale | E58: =Trials!E2 -> FL | F58: =Trials!H2 -> 35 | G58: =Trials!I2 -> 34 | H58: =IF(Trials!J2="","",Trials!J2) -> 12
A59: =RANK(F59,$F$5:$F$125) -> 54 | B59: =Trials!A25 -> 46102 | C59: =Trials!C25 -> Greater Ocala-Gainesville Lure Coursing Association | D59: =Trials!D25 -> Brooksville | E59: =Trials!E25 -> FL | F59: =Trials!H25 -> 35 | G59: =Trials!I25 -> 35 | H59: =IF(Trials!J25="","",Trials!J25)
A60: =RANK(F60,$F$5:$F$125) -> 54 | B60: =Trials!A67 -> 46152 | C60: =Trials!C67 -> Borzoi Club of America, Inc. | D60: =Trials!D67 -> Weeping Water | E60: =Trials!E67 -> NE | F60: =Trials!H67 -> 35 | G60: =Trials!I67 -> 33 | H60: =IF(Trials!J67="","",Trials!J67) -> 8
A61: =RANK(F61,$F$5:$F$125) -> 54 | B61: =Trials!A82 -> 46165 | C61: =Trials!C82 -> Mason Dixon Ibizan Hound Club | D61: =Trials!D82 -> Hanover | E61: =Trials!E82 -> PA | F61: =Trials!H82 -> 35 | G61: =Trials!I82 -> 34 | H61: =IF(Trials!J82="","",Trials!J82) -> 7
A62: =RANK(F62,$F$5:$F$125) -> 54 | B62: =Trials!A83 -> 46166 | C62: =Trials!C83 -> Mason Dixon Ibizan Hound Club | D62: =Trials!D83 -> Hanover | E62: =Trials!E83 -> PA | F62: =Trials!H83 -> 35 | G62: =Trials!I83 -> 32 | H62: =IF(Trials!J83="","",Trials!J83) -> 2
A63: =RANK(F63,$F$5:$F$125) -> 59 | B63: =Trials!A85 -> 46167 | C63: =Trials!C85 -> Mason Dixon Ibizan Hound Club | D63: =Trials!D85 -> Hanover | E63: =Trials!E85 -> PA | F63: =Trials!H85 -> 34 | G63: =Trials!I85 -> 34 | H63: =IF(Trials!J85="","",Trials!J85) -> 5
A64: =RANK(F64,$F$5:$F$125) -> 60 | B64: =Trials!A35 -> 46110 | C64: =Trials!C35 -> Northwest Rhodesian Ridgeback Club | D64: =Trials!D35 -> Ethel | E64: =Trials!E35 -> WA | F64: =Trials!H35 -> 33 | G64: =Trials!I35 -> 32 | H64: =IF(Trials!J35="","",Trials!J35) -> 3
A65: =RANK(F65,$F$5:$F$125) -> 60 | B65: =Trials!A98 -> 46193 | C65: =Trials!C98 -> Western Washington Whippet Association | D65: =Trials!D98 -> Monroe | E65: =Trials!E98 -> WA | F65: =Trials!H98 -> 33 | G65: =Trials!I98 -> 33 | H65: =IF(Trials!J98="","",Trials!J98) -> 4
A66: =RANK(F66,$F$5:$F$125) -> 62 | B66: =Trials!A24 -> 46089 | C66: =Trials!C24 -> Evergreen Basenji Club | D66: =Trials!D24 -> Roy | E66: =Trials!E24 -> WA | F66: =Trials!H24 -> 32 | G66: =Trials!I24 -> 32 | H66: =IF(Trials!J24="","",Trials!J24) -> 4
A67: =RANK(F67,$F$5:$F$125) -> 62 | B67: =Trials!A112 -> 46214 | C67: =Trials!C112 -> Northwest Rhodesian Ridgeback Club | D67: =Trials!D112 -> Duvall | E67: =Trials!E112 -> WA | F67: =Trials!H112 -> 32 | G67: =Trials!I112 -> 32 | H67: =IF(Trials!J112="","",Trials!J112) -> 9
A68: =RANK(F68,$F$5:$F$125) -> 62 | B68: =Trials!A121 -> 46250 | C68: =Trials!C121 -> Coursing Hounds Association of Mid-Potomac | D68: =Trials!D121 -> Leesburg | E68: =Trials!E121 -> VA | F68: =Trials!H121 -> 32 | G68: =Trials!I121 -> 32 | H68: =IF(Trials!J121="","",Trials!J121) -> 5
A69: =RANK(F69,$F$5:$F$125) -> 65 | B69: =Trials!A19 -> 46082 | C69: =Trials!C19 -> Alamo Area Whippet Club | D69: =Trials!D19 -> Angleton | E69: =Trials!E19 -> TX | F69: =Trials!H19 -> 31 | G69: =Trials!I19 -> 31 | H69: =IF(Trials!J19="","",Trials!J19) -> 2
A70: =RANK(F70,$F$5:$F$125) -> 65 | B70: =Trials!A22 -> 46088 | C70: =Trials!C22 -> Arizona Rhodesian Ridgeback Club | D70: =Trials!D22 -> Tonopah | E70: =Trials!E22 -> AZ | F70: =Trials!H22 -> 31 | G70: =Trials!I22 -> 31 | H70: =IF(Trials!J22="","",Trials!J22) -> 10
A71: =RANK(F71,$F$5:$F$125) -> 65 | B71: =Trials!A46 -> 46124 | C71: =Trials!C46 -> Greater Valley Forge Rhodesian Ridgeback Club, Inc. | D71: =Trials!D46 -> Somerset | E71: =Trials!E46 -> NJ | F71: =Trials!H46 -> 31 | G71: =Trials!I46 -> 30 | H71: =IF(Trials!J46="","",Trials!J46) -> 6
A72: =RANK(F72,$F$5:$F$125) -> 65 | B72: =Trials!A100 -> 46194 | C72: =Trials!C100 -> Western Washington Whippet Association | D72: =Trials!D100 -> Monroe | E72: =Trials!E100 -> WA | F72: =Trials!H100 -> 31 | G72: =Trials!I100 -> 29 | H72: =IF(Trials!J100="","",Trials!J100) -> 2
A73: =RANK(F73,$F$5:$F$125) -> 69 | B73: =Trials!A114 -> 46215 | C73: =Trials!C114 -> Northwest Rhodesian Ridgeback Club | D73: =Trials!D114 -> Duvall | E73: =Trials!E114 -> WA | F73: =Trials!H114 -> 30 | G73: =Trials!I114 -> 30 | H73: =IF(Trials!J114="","",Trials!J114) -> 7
A74: =RANK(F74,$F$5:$F$125) -> 69 | B74: =Trials!A126 -> 46272 | C74: =Trials!C126 -> Central Leatherstocking Area Sighthound Society | D74: =Trials!D126 -> Starkville | E74: =Trials!E126 -> NY | F74: =Trials!H126 -> 30 | G74: =Trials!I126 -> 30 | H74: =IF(Trials!J126="","",Trials!J126) -> 0
A75: =RANK(F75,$F$5:$F$125) -> 71 | B75: =Trials!A43 -> 46123 | C75: =Trials!C43 -> Greater Valley Forge Rhodesian Ridgeback Club, Inc. | D75: =Trials!D43 -> Somerset | E75: =Trials!E43 -> NJ | F75: =Trials!H43 -> 27 | G75: =Trials!I43 -> 26 | H75: =IF(Trials!J43="","",Trials!J43) -> 9
A76: =RANK(F76,$F$5:$F$125) -> 72 | B76: =Trials!A57 -> 46144 | C76: =Trials!C57 -> Lehigh Valley Coursing Club | D76: =Trials!D57 -> Lambertville | E76: =Trials!E57 -> NJ | F76: =Trials!H57 -> 26 | G76: =Trials!I57 -> 26 | H76: =IF(Trials!J57="","",Trials!J57) -> 2
A77: =RANK(F77,$F$5:$F$125) -> 72 | B77: =Trials!A113 -> 46215 | C77: =Trials!C113 -> Pharaoh Hound Club of America | D77: =Trials!D113 -> Bennett | E77: =Trials!E113 -> CO | F77: =Trials!H113 -> 26 | G77: =Trials!I113 -> 24 | H77: =IF(Trials!J113="","",Trials!J113) -> 0
A78: =RANK(F78,$F$5:$F$125) -> 74 | B78: =Trials!A62 -> 46151 | C78: =Trials!C62 -> Rocky Mountain Hound Association of Colorado | D78: =Trials!D62 -> Peyton | E78: =Trials!E62 -> CO | F78: =Trials!H62 -> 25 | G78: =Trials!I62 -> 24 | H78: =IF(Trials!J62="","",Trials!J62) -> 8
A79: =RANK(F79,$F$5:$F$125) -> 75 | B79: =Trials!A7 -> 46039 | C79: =Trials!C7 -> Afghan Hound Club of Dallas | D79: =Trials!D7 -> Celina | E79: =Trials!E7 -> TX | F79: =Trials!H7 -> 24 | G79: =Trials!I7 -> 23 | H79: =IF(Trials!J7="","",Trials!J7) -> 5
A80: =RANK(F80,$F$5:$F$125) -> 75 | B80: =Trials!A12 -> 46067 | C80: =Trials!C12 -> Orange Coast Rhodesian Ridgeback Club | D80: =Trials!D12 -> Chino | E80: =Trials!E12 -> CA | F80: =Trials!H12 -> 24 | G80: =Trials!I12 -> 24 | H80: =IF(Trials!J12="","",Trials!J12) -> 4
A81: =RANK(F81,$F$5:$F$125) -> 75 | B81: =Trials!A23 -> 46089 | C81: =Trials!C23 -> Arizona Rhodesian Ridgeback Club | D81: =Trials!D23 -> Tonopah | E81: =Trials!E23 -> AZ | F81: =Trials!H23 -> 24 | G81: =Trials!I23 -> 24 | H81: =IF(Trials!J23="","",Trials!J23) -> 4
A82: =RANK(F82,$F$5:$F$125) -> 75 | B82: =Trials!A59 -> 46145 | C82: =Trials!C59 -> Lehigh Valley Coursing Club | D82: =Trials!D59 -> Lambertville | E82: =Trials!E59 -> NJ | F82: =Trials!H59 -> 24 | G82: =Trials!I59 -> 24 | H82: =IF(Trials!J59="","",Trials!J59) -> 2
A83: =RANK(F83,$F$5:$F$125) -> 75 | B83: =Trials!A118 -> 46235 | C83: =Trials!C118 -> Copper State Basenji Club | D83: =Trials!D118 -> Lakeside | E83: =Trials!E118 -> AZ | F83: =Trials!H118 -> 24 | G83: =Trials!I118 -> 24 | H83: =IF(Trials!J118="","",Trials!J118) -> 7
A84: =RANK(F84,$F$5:$F$125) -> 80 | B84: =Trials!A86 -> 46172 | C84: =Trials!C86 -> California Coursing Association | D84: =Trials!D86 -> Chino | E84: =Trials!E86 -> CA | F84: =Trials!H86 -> 22 | G84: =Trials!I86 -> 22 | H84: =IF(Trials!J86="","",Trials!J86) -> 7
A85: =RANK(F85,$F$5:$F$125) -> 80 | B85: =Trials!A89 -> 46173 | C85: =Trials!C89 -> California Coursing Association | D85: =Trials!D89 -> Chino | E85: =Trials!E89 -> CA | F85: =Trials!H89 -> 22 | G85: =Trials!I89 -> 22 | H85: =IF(Trials!J89="","",Trials!J89) -> 3
A86: =RANK(F86,$F$5:$F$125) -> 80 | B86: =Trials!A92 -> 46179 | C86: =Trials!C92 -> Lehigh Valley Coursing Club | D86: =Trials!D92 -> Lambertville | E86: =Trials!E92 -> NJ | F86: =Trials!H92 -> 22 | G86: =Trials!I92 -> 22 | H86: =IF(Trials!J92="","",Trials!J92) -> 5
A87: =RANK(F87,$F$5:$F$125) -> 80 | B87: =Trials!A94 -> 46180 | C87: =Trials!C94 -> Lehigh Valley Coursing Club | D87: =Trials!D94 -> Lambertville | E87: =Trials!E94 -> NJ | F87: =Trials!H94 -> 22 | G87: =Trials!I94 -> 21 | H87: =IF(Trials!J94="","",Trials!J94) -> 2
A88: =RANK(F88,$F$5:$F$125) -> 84 | B88: =Trials!A61 -> 46151 | C88: =Trials!C61 -> Evergreen Basenji Club | D88: =Trials!D61 -> Roy | E88: =Trials!E61 -> WA | F88: =Trials!H61 -> 21 | G88: =Trials!I61 -> 21 | H88: =IF(Trials!J61="","",Trials!J61) -> 7
A89: =RANK(F89,$F$5:$F$125) -> 84 | B89: =Trials!A75 -> 46159 | C89: =Trials!C75 -> Sighthound Organization of Tidewater | D89: =Trials!D75 -> Dendron | E89: =Trials!E75 -> VA | F89: =Trials!H75 -> 21 | G89: =Trials!I75 -> 18 | H89: =IF(Trials!J75="","",Trials!J75) -> 5
A90: =RANK(F90,$F$5:$F$125) -> 86 | B90: =Trials!A54 -> 46137 | C90: =Trials!C54 -> Minnesota Coursing Association | D90: =Trials!D54 -> Farmington | E90: =Trials!E54 -> MN | F90: =Trials!H54 -> 20 | G90: =Trials!I54 -> 20 | H90: =IF(Trials!J54="","",Trials!J54) -> 5
A91: =RANK(F91,$F$5:$F$125) -> 86 | B91: =Trials!A78 -> 46159 | C91: =Trials!C78 -> Greyhound Club of America | D91: =Trials!D78 -> Hyde Park | E91: =Trials!E78 -> UT | F91: =Trials!H78 -> 20 | G91: =Trials!I78 -> 20 | H91: =IF(Trials!J78="","",Trials!J78) -> 0
A92: =RANK(F92,$F$5:$F$125) -> 86 | B92: =Trials!A96 -> 46186 | C92: =Trials!C96 -> Tortoise and Hare Lurecoursers Club | D92: =Trials!D96 -> Littlestown | E92: =Trials!E96 -> PA | F92: =Trials!H96 -> 20 | G92: =Trials!I96 -> 20 | H92: =IF(Trials!J96="","",Trials!J96) -> 7
A93: =RANK(F93,$F$5:$F$125) -> 86 | B93: =Trials!A119 -> 46236 | C93: =Trials!C119 -> Copper State Basenji Club | D93: =Trials!D119 -> Lakeside | E93: =Trials!E119 -> AZ | F93: =Trials!H119 -> 20 | G93: =Trials!I119 -> 20 | H93: =IF(Trials!J119="","",Trials!J119) -> 6
A94: =RANK(F94,$F$5:$F$125) -> 90 | B94: =Trials!A9 -> 46040 | C94: =Trials!C9 -> North Texas Saluki Club | D94: =Trials!D9 -> Celina | E94: =Trials!E9 -> TX | F94: =Trials!H9 -> 19 | G94: =Trials!I9 -> 18 | H94: =IF(Trials!J9="","",Trials!J9) -> 4
A95: =RANK(F95,$F$5:$F$125) -> 90 | B95: =Trials!A13 -> 46068 | C95: =Trials!C13 -> Orange Coast Rhodesian Ridgeback Club | D95: =Trials!D13 -> Chino | E95: =Trials!E13 -> CA | F95: =Trials!H13 -> 19 | G95: =Trials!I13 -> 19 | H95: =IF(Trials!J13="","",Trials!J13) -> 4
A96: =RANK(F96,$F$5:$F$125) -> 90 | B96: =Trials!A76 -> 46159 | C96: =Trials!C76 -> Chintimini Kennel Club, Inc. | D96: =Trials!D76 -> Cottage Grove | E96: =Trials!E76 -> OR | F96: =Trials!H76 -> 19 | G96: =Trials!I76 -> 19 | H96: =IF(Trials!J76="","",Trials!J76) -> 9
A97: =RANK(F97,$F$5:$F$125) -> 93 | B97: =Trials!A39 -> 46116 | C97: =Trials!C39 -> Irish Wolfhound Association of the Garden State | D97: =Trials!D39 -> Somerset | E97: =Trials!E39 -> NJ | F97: =Trials!H39 -> 18 | G97: =Trials!I39 -> 18 | H97: =IF(Trials!J39="","",Trials!J39) -> 8
A98: =RANK(F98,$F$5:$F$125) -> 93 | B98: =Trials!A55 -> 46138 | C98: =Trials!C55 -> Minnesota Coursing Association | D98: =Trials!D55 -> Farmington | E98: =Trials!E55 -> MN | F98: =Trials!H55 -> 18 | G98: =Trials!I55 -> 18 | H98: =IF(Trials!J55="","",Trials!J55) -> 7
A99: =RANK(F99,$F$5:$F$125) -> 95 | B99: =Trials!A104 -> 46199 | C99: =Trials!C104 -> Basenji Club of America, Inc. | D99: =Trials!D104 -> Williamston | E99: =Trials!E104 -> MI | F99: =Trials!H104 -> 17 | G99: =Trials!I104 -> 16 | H99: =IF(Trials!J104="","",Trials!J104)
A100: =RANK(F100,$F$5:$F$125) -> 96 | B100: =Trials!A56 -> 46144 | C100: =Trials!C56 -> Gulf Coast Hound Club | D100: =Trials!D56 -> Semmes | E100: =Trials!E56 -> AL | F100: =Trials!H56 -> 16 | G100: =Trials!I56 -> 16 | H100: =IF(Trials!J56="","",Trials!J56) -> 7
A101: =RANK(F101,$F$5:$F$125) -> 96 | B101: =Trials!A58 -> 46145 | C101: =Trials!C58 -> Gulf Coast Hound Club | D101: =Trials!D58 -> Semmes | E101: =Trials!E58 -> AL | F101: =Trials!H58 -> 16 | G101: =Trials!I58 -> 16 | H101: =IF(Trials!J58="","",Trials!J58) -> 9
...

Sheet Club ranking
A1: Clubs ranked by total LC Trial entries
A2: Totals across each club's trials with results posted, January 1 to October 9, 2026.
A4: Rank | B4: Club | C4: Trials held | D4: LC Trial entries | E4: Avg per trial | F4: Largest trial | G4: LC Test entries
A5: =RANK(D5,$D$5:$D$55) -> 1 | B5: Michigan Gazehound Association | C5: =COUNTIFS(Trials!$C$2:$C$149,B5,Trials!$H$2:$H$149,">=0") -> 4 | D5: =SUMIF(Trials!$C$2:$C$149,B5,Trials!$H$2:$H$149) -> 264 | E5: =D5/C5 -> 66 | F5: =SUMPRODUCT(MAX((Trials!$C$2:$C$149=B5)*Trials!$H$2:$H$149)) -> 77 | G5: =SUMIF(Trials!$C$2:$C$149,B5,Trials!$J$2:$J$149) -> 39
A6: =RANK(D6,$D$5:$D$55) -> 2 | B6: Sunshine State Rhodesian Ridgeback Club | C6: =COUNTIFS(Trials!$C$2:$C$149,B6,Trials!$H$2:$H$149,">=0") -> 6 | D6: =SUMIF(Trials!$C$2:$C$149,B6,Trials!$H$2:$H$149) -> 244 | E6: =D6/C6 -> 40.666667 | F6: =SUMPRODUCT(MAX((Trials!$C$2:$C$149=B6)*Trials!$H$2:$H$149)) -> 50 | G6: =SUMIF(Trials!$C$2:$C$149,B6,Trials!$J$2:$J$149) -> 30
A7: =RANK(D7,$D$5:$D$55) -> 3 | B7: Trinity Valley Rhodesian Ridgeback Club of Texas | C7: =COUNTIFS(Trials!$C$2:$C$149,B7,Trials!$H$2:$H$149,">=0") -> 4 | D7: =SUMIF(Trials!$C$2:$C$149,B7,Trials!$H$2:$H$149) -> 213 | E7: =D7/C7 -> 53.25 | F7: =SUMPRODUCT(MAX((Trials!$C$2:$C$149=B7)*Trials!$H$2:$H$149)) -> 73 | G7: =SUMIF(Trials!$C$2:$C$149,B7,Trials!$J$2:$J$149) -> 17
A8: =RANK(D8,$D$5:$D$55) -> 4 | B8: Northwest Rhodesian Ridgeback Club | C8: =COUNTIFS(Trials!$C$2:$C$149,B8,Trials!$H$2:$H$149,">=0") -> 6 | D8: =SUMIF(Trials!$C$2:$C$149,B8,Trials!$H$2:$H$149) -> 207 | E8: =D8/C8 -> 34.5 | F8: =SUMPRODUCT(MAX((Trials!$C$2:$C$149=B8)*Trials!$H$2:$H$149)) -> 38 | G8: =SUMIF(Trials!$C$2:$C$149,B8,Trials!$J$2:$J$149) -> 39
A9: =RANK(D9,$D$5:$D$55) -> 5 | B9: Desert Fun Bunch Sighthound Club | C9: =COUNTIFS(Trials!$C$2:$C$149,B9,Trials!$H$2:$H$149,">=0") -> 4 | D9: =SUMIF(Trials!$C$2:$C$149,B9,Trials!$H$2:$H$149) -> 182 | E9: =D9/C9 -> 45.5 | F9: =SUMPRODUCT(MAX((Trials!$C$2:$C$149=B9)*Trials!$H$2:$H$149)) -> 54 | G9: =SUMIF(Trials!$C$2:$C$149,B9,Trials!$J$2:$J$149) -> 17
A10: =RANK(D10,$D$5:$D$55) -> 6 | B10: Greater Ocala-Gainesville Lure Coursing Association | C10: =COUNTIFS(Trials!$C$2:$C$149,B10,Trials!$H$2:$H$149,">=0") -> 4 | D10: =SUMIF(Trials!$C$2:$C$149,B10,Trials!$H$2:$H$149) -> 176 | E10: =D10/C10 -> 44 | F10: =SUMPRODUCT(MAX((Trials!$C$2:$C$149=B10)*Trials!$H$2:$H$149)) -> 52 | G10: =SUMIF(Trials!$C$2:$C$149,B10,Trials!$J$2:$J$149) -> 12
A11: =RANK(D11,$D$5:$D$55) -> 7 | B11: Evergreen Basenji Club | C11: =COUNTIFS(Trials!$C$2:$C$149,B11,Trials!$H$2:$H$149,">=0") -> 4 | D11: =SUMIF(Trials!$C$2:$C$149,B11,Trials!$H$2:$H$149) -> 146 | E11: =D11/C11 -> 36.5 | F11: =SUMPRODUCT(MAX((Trials!$C$2:$C$149=B11)*Trials!$H$2:$H$149)) -> 49 | G11: =SUMIF(Trials!$C$2:$C$149,B11,Trials!$J$2:$J$149) -> 39
A12: =RANK(D12,$D$5:$D$55) -> 8 | B12: Midwest Borzoi Club | C12: =COUNTIFS(Trials!$C$2:$C$149,B12,Trials!$H$2:$H$149,">=0") -> 2 | D12: =SUMIF(Trials!$C$2:$C$149,B12,Trials!$H$2:$H$149) -> 131 | E12: =D12/C12 -> 65.5 | F12: =SUMPRODUCT(MAX((Trials!$C$2:$C$149=B12)*Trials!$H$2:$H$149)) -> 67 | G12: =SUMIF(Trials!$C$2:$C$149,B12,Trials!$J$2:$J$149) -> 29
A13: =RANK(D13,$D$5:$D$55) -> 9 | B13: Iowa Coursing Association | C13: =COUNTIFS(Trials!$C$2:$C$149,B13,Trials!$H$2:$H$149,">=0") -> 3 | D13: =SUMIF(Trials!$C$2:$C$149,B13,Trials!$H$2:$H$149) -> 120 | E13: =D13/C13 -> 40 | F13: =SUMPRODUCT(MAX((Trials!$C$2:$C$149=B13)*Trials!$H$2:$H$149)) -> 43 | G13: =SUMIF(Trials!$C$2:$C$149,B13,Trials!$J$2:$J$149) -> 1
A14: =RANK(D14,$D$5:$D$55) -> 9 | B14: Northern California Whippet Fanciers Association | C14: =COUNTIFS(Trials!$C$2:$C$149,B14,Trials!$H$2:$H$149,">=0") -> 2 | D14: =SUMIF(Trials!$C$2:$C$149,B14,Trials!$H$2:$H$149) -> 120 | E14: =D14/C14 -> 60 | F14: =SUMPRODUCT(MAX((Trials!$C$2:$C$149=B14)*Trials!$H$2:$H$149)) -> 61 | G14: =SUMIF(Trials!$C$2:$C$149,B14,Trials!$J$2:$J$149) -> 22
A15: =RANK(D15,$D$5:$D$55) -> 11 | B15: American Whippet Club, Inc. | C15: =COUNTIFS(Trials!$C$2:$C$149,B15,Trials!$H$2:$H$149,">=0") -> 2 | D15: =SUMIF(Trials!$C$2:$C$149,B15,Trials!$H$2:$H$149) -> 114 | E15: =D15/C15 -> 57 | F15: =SUMPRODUCT(MAX((Trials!$C$2:$C$149=B15)*Trials!$H$2:$H$149)) -> 77 | G15: =SUMIF(Trials!$C$2:$C$149,B15,Trials!$J$2:$J$149) -> 0
A16: =RANK(D16,$D$5:$D$55) -> 12 | B16: Minnesota Coursing Association | C16: =COUNTIFS(Trials!$C$2:$C$149,B16,Trials!$H$2:$H$149,">=0") -> 4 | D16: =SUMIF(Trials!$C$2:$C$149,B16,Trials!$H$2:$H$149) -> 112 | E16: =D16/C16 -> 28 | F16: =SUMPRODUCT(MAX((Trials!$C$2:$C$149=B16)*Trials!$H$2:$H$149)) -> 38 | G16: =SUMIF(Trials!$C$2:$C$149,B16,Trials!$J$2:$J$149) -> 28
... A55: =RANK(D55,$D$5:$D$55) -> 50 | B55: Scottish Deerhound Club of America, Inc. | C55: =COUNTIFS(Trials!$C$2:$C$149,B55,Trials!$H$2:$H$149,">=0") -> 1 | D55: =SUMIF(Trials!$C$2:$C$149,B55,Trials!$H$2:$H$149) -> 13 | E55: =D55/C55 -> 13 | F55: =SUMPRODUCT(MAX((Trials!$C$2:$C$149=B55)*Trials!$H$2:$H$149)) -> 13 | G55: =SUMIF(Trials!$C$2:$C$149,B55,Trials!$J$2:$J$149) -> 4

Sheet State ranking
A1: States ranked by total LC Trial entries
A2: States whose only events have no results posted yet (GA, IL) are not ranked.
A4: Rank | B4: State | C4: Trials held | D4: LC Trial entries | E4: Avg per trial | F4: Largest trial | G4: LC Test entries
A5: =RANK(D5,$D$5:$D$29) -> 1 | B5: WA | C5: =COUNTIFS(Trials!$E$2:$E$149,B5,Trials!$H$2:$H$149,">=0") -> 15 | D5: =SUMIF(Trials!$E$2:$E$149,B5,Trials!$H$2:$H$149) -> 572 | E5: =D5/C5 -> 38.133333 | F5: =SUMPRODUCT(MAX((Trials!$E$2:$E$149=B5)*Trials!$H$2:$H$149)) -> 77 | G5: =SUMIF(Trials!$E$2:$E$149,B5,Trials!$J$2:$J$149) -> 94
A6: =RANK(D6,$D$5:$D$29) -> 2 | B6: TX | C6: =COUNTIFS(Trials!$E$2:$E$149,B6,Trials!$H$2:$H$149,">=0") -> 10 | D6: =SUMIF(Trials!$E$2:$E$149,B6,Trials!$H$2:$H$149) -> 433 | E6: =D6/C6 -> 43.3 | F6: =SUMPRODUCT(MAX((Trials!$E$2:$E$149=B6)*Trials!$H$2:$H$149)) -> 73 | G6: =SUMIF(Trials!$E$2:$E$149,B6,Trials!$J$2:$J$149) -> 51
A7: =RANK(D7,$D$5:$D$29) -> 3 | B7: FL | C7: =COUNTIFS(Trials!$E$2:$E$149,B7,Trials!$H$2:$H$149,">=0") -> 10 | D7: =SUMIF(Trials!$E$2:$E$149,B7,Trials!$H$2:$H$149) -> 420 | E7: =D7/C7 -> 42 | F7: =SUMPRODUCT(MAX((Trials!$E$2:$E$149=B7)*Trials!$H$2:$H$149)) -> 52 | G7: =SUMIF(Trials!$E$2:$E$149,B7,Trials!$J$2:$J$149) -> 42
A8: =RANK(D8,$D$5:$D$29) -> 4 | B8: CA | C8: =COUNTIFS(Trials!$E$2:$E$149,B8,Trials!$H$2:$H$149,">=0") -> 10 | D8: =SUMIF(Trials!$E$2:$E$149,B8,Trials!$H$2:$H$149) -> 372 | E8: =D8/C8 -> 37.2 | F8: =SUMPRODUCT(MAX((Trials!$E$2:$E$149=B8)*Trials!$H$2:$H$149)) -> 61 | G8: =SUMIF(Trials!$E$2:$E$149,B8,Trials!$J$2:$J$149) -> 59
A9: =RANK(D9,$D$5:$D$29) -> 5 | B9: MI | C9: =COUNTIFS(Trials!$E$2:$E$149,B9,Trials!$H$2:$H$149,">=0") -> 7 | D9: =SUMIF(Trials!$E$2:$E$149,B9,Trials!$H$2:$H$149) -> 331 | E9: =D9/C9 -> 47.285714 | F9: =SUMPRODUCT(MAX((Trials!$E$2:$E$149=B9)*Trials!$H$2:$H$149)) -> 77 | G9: =SUMIF(Trials!$E$2:$E$149,B9,Trials!$J$2:$J$149) -> 39
A10: =RANK(D10,$D$5:$D$29) -> 6 | B10: AZ | C10: =COUNTIFS(Trials!$E$2:$E$149,B10,Trials!$H$2:$H$149,">=0") -> 8 | D10: =SUMIF(Trials!$E$2:$E$149,B10,Trials!$H$2:$H$149) -> 281 | E10: =D10/C10 -> 35.125 | F10: =SUMPRODUCT(MAX((Trials!$E$2:$E$149=B10)*Trials!$H$2:$H$149)) -> 54 | G10: =SUMIF(Trials!$E$2:$E$149,B10,Trials!$J$2:$J$149) -> 44
A11: =RANK(D11,$D$5:$D$29) -> 7 | B11: OH | C11: =COUNTIFS(Trials!$E$2:$E$149,B11,Trials!$H$2:$H$149,">=0") -> 4 | D11: =SUMIF(Trials!$E$2:$E$149,B11,Trials!$H$2:$H$149) -> 229 | E11: =D11/C11 -> 57.25 | F11: =SUMPRODUCT(MAX((Trials!$E$2:$E$149=B11)*Trials!$H$2:$H$149)) -> 67 | G11: =SUMIF(Trials!$E$2:$E$149,B11,Trials!$J$2:$J$149) -> 45
A12: =RANK(D12,$D$5:$D$29) -> 8 | B12: NJ | C12: =COUNTIFS(Trials!$E$2:$E$149,B12,Trials!$H$2:$H$149,">=0") -> 8 | D12: =SUMIF(Trials!$E$2:$E$149,B12,Trials!$H$2:$H$149) -> 183 | E12: =D12/C12 -> 22.875 | F12: =SUMPRODUCT(MAX((Trials!$E$2:$E$149=B12)*Trials!$H$2:$H$149)) -> 31 | G12: =SUMIF(Trials!$E$2:$E$149,B12,Trials!$J$2:$J$149) -> 36
A13: =RANK(D13,$D$5:$D$29) -> 9 | B13: PA | C13: =COUNTIFS(Trials!$E$2:$E$149,B13,Trials!$H$2:$H$149,">=0") -> 6 | D13: =SUMIF(Trials!$E$2:$E$149,B13,Trials!$H$2:$H$149) -> 150 | E13: =D13/C13 -> 25 | F13: =SUMPRODUCT(MAX((Trials!$E$2:$E$149=B13)*Trials!$H$2:$H$149)) -> 35 | G13: =SUMIF(Trials!$E$2:$E$149,B13,Trials!$J$2:$J$149) -> 28
A14: =RANK(D14,$D$5:$D$29) -> 10 | B14: VA | C14: =COUNTIFS(Trials!$E$2:$E$149,B14,Trials!$H$2:$H$149,">=0") -> 4 | D14: =SUMIF(Trials!$E$2:$E$149,B14,Trials!$H$2:$H$149) -> 134 | E14: =D14/C14 -> 33.5 | F14: =SUMPRODUCT(MAX((Trials!$E$2:$E$149=B14)*Trials!$H$2:$H$149)) -> 42 | G14: =SUMIF(Trials!$E$2:$E$149,B14,Trials!$J$2:$J$149) -> 21
A15: =RANK(D15,$D$5:$D$29) -> 11 | B15: IA | C15: =COUNTIFS(Trials!$E$2:$E$149,B15,Trials!$H$2:$H$149,">=0") -> 3 | D15: =SUMIF(Trials!$E$2:$E$149,B15,Trials!$H$2:$H$149) -> 120 | E15: =D15/C15 -> 40 | F15: =SUMPRODUCT(MAX((Trials!$E$2:$E$149=B15)*Trials!$H$2:$H$149)) -> 43 | G15: =SUMIF(Trials!$E$2:$E$149,B15,Trials!$J$2:$J$149) -> 1
A16: =RANK(D16,$D$5:$D$29) -> 12 | B16: MN | C16: =COUNTIFS(Trials!$E$2:$E$149,B16,Trials!$H$2:$H$149,">=0") -> 4 | D16: =SUMIF(Trials!$E$2:$E$149,B16,Trials!$H$2:$H$149) -> 112 | E16: =D16/C16 -> 28 | F16: =SUMPRODUCT(MAX((Trials!$E$2:$E$149=B16)*Trials!$H$2:$H$149)) -> 38 | G16: =SUMIF(Trials!$E$2:$E$149,B16,Trials!$J$2:$J$149) -> 28
... A29: =RANK(D29,$D$5:$D$29) -> 25 | B29: MT | C29: =COUNTIFS(Trials!$E$2:$E$149,B29,Trials!$H$2:$H$149,">=0") -> 2 | D29: =SUMIF(Trials!$E$2:$E$149,B29,Trials!$H$2:$H$149) -> 19 | E29: =D29/C29 -> 9.5 | F29: =SUMPRODUCT(MAX((Trials!$E$2:$E$149=B29)*Trials!$H$2:$H$149)) -> 11 | G29: =SUMIF(Trials!$E$2:$E$149,B29,Trials!$J$2:$J$149) -> 9

Sheet Notes
A1: How to read this workbook
A2: Each row on the Trials sheet is one AKC event number. Counts are copied from the "Number of Entries" and "Number of Competitors" lines on that event's AKC results page; the link in the last column opens it.
A3: LC Trial = the trial stakes (Open, Specials, Veterans). This is the figure comparable to an ASFA trial entry.
A4: LC Test = Junior Courser and Qualified Courser tests held with the trial. A test entry of 0 means the test was offered and nobody entered. A blank means that event had no test (or no trial).
A5: Entries and competitors are AKC's own labels. Competitors is the lower figure where the two differ.
A6: Scope: "All-breed" events are open to all eligible sighthound breeds. A breed name marks a specialty limited to that breed.
A7: Results posted = No: AKC had not posted results for that event when this was collected (events from September 7 onward, 25 in all). Their entry cells are blank and they are left out of every total. Re-collect later to fill them in.
A8: Excluded: Coursing Ability Tests (CAT) and Fast CAT, which AKC lists as separate event types.
A9: Totals on the Summary sheet are formulas over the Trials sheet and update if rows are edited or added.
A10: Ranking sheets are ordered as of collection. Their figures are formulas, but the row order does not re-sort itself if the Trials sheet is edited.
